-- phpMyAdmin SQL Dump
-- version 5.2.1
-- https://www.phpmyadmin.net/
--
-- Hôte : 127.0.0.1:3306
-- Généré le : lun. 11 mai 2026 à 21:35
-- Version du serveur : 9.1.0
-- Version de PHP : 8.3.14

SET SQL_MODE = "NO_AUTO_VALUE_ON_ZERO";
START TRANSACTION;
SET time_zone = "+00:00";


/*!40101 SET @OLD_CHARACTER_SET_CLIENT=@@CHARACTER_SET_CLIENT */;
/*!40101 SET @OLD_CHARACTER_SET_RESULTS=@@CHARACTER_SET_RESULTS */;
/*!40101 SET @OLD_COLLATION_CONNECTION=@@COLLATION_CONNECTION */;
/*!40101 SET NAMES utf8mb4 */;

--
-- Base de données : `sodecobd`
--

-- --------------------------------------------------------

--
-- Structure de la table `categories_socio_professionnelles`
--

DROP TABLE IF EXISTS `categories_socio_professionnelles`;
CREATE TABLE IF NOT EXISTS `categories_socio_professionnelles` (
  `id_categorie` int NOT NULL AUTO_INCREMENT,
  `nom_categorie` varchar(100) NOT NULL,
  `ordre_tri` int DEFAULT NULL,
  PRIMARY KEY (`id_categorie`),
  UNIQUE KEY `nom_categorie` (`nom_categorie`)
) ENGINE=InnoDB AUTO_INCREMENT=10 DEFAULT CHARSET=utf8mb4 COLLATE=utf8mb4_0900_ai_ci;

--
-- Déchargement des données de la table `categories_socio_professionnelles`
--

INSERT INTO `categories_socio_professionnelles` (`id_categorie`, `nom_categorie`, `ordre_tri`) VALUES
(1, 'Cadre Dirigeant', 1),
(2, 'Cadres supérieurs', 2),
(3, 'Cadres', 3),
(4, 'Haute maîtrise', 4),
(5, 'Moyenne maîtrise', 5),
(6, 'Ouvriers & Empl. (H.Q.)', 6),
(7, 'Ouvriers & Empl. (Qual.)', 7),
(8, 'Ouvriers & Empl. (Base)', 8),
(9, 'Ouvriers & Empl. (tous)', 9);

-- --------------------------------------------------------

--
-- Structure de la table `chauffeurs`
--

DROP TABLE IF EXISTS `chauffeurs`;
CREATE TABLE IF NOT EXISTS `chauffeurs` (
  `id_chauffeur` int NOT NULL AUTO_INCREMENT,
  `id_utilisateur` int NOT NULL,
  `telephone` varchar(20) NOT NULL,
  `types_vehicules_autorises` varchar(255) NOT NULL COMMENT 'Comma-separated vehicle types',
  `statut_disponibilite` enum('Disponible','Affecté','En mission','Non disponible') DEFAULT 'Disponible',
  `moyenne_notes` decimal(3,2) DEFAULT '0.00',
  `photo_path` longtext,
  `nombre_missions` int DEFAULT '0',
  `date_creation` timestamp NULL DEFAULT CURRENT_TIMESTAMP,
  `date_modification` timestamp NULL DEFAULT CURRENT_TIMESTAMP ON UPDATE CURRENT_TIMESTAMP,
  `photo_cip_path` longtext,
  PRIMARY KEY (`id_chauffeur`),
  UNIQUE KEY `id_utilisateur` (`id_utilisateur`)
) ENGINE=InnoDB AUTO_INCREMENT=85 DEFAULT CHARSET=utf8mb4 COLLATE=utf8mb4_0900_ai_ci;

--
-- Déchargement des données de la table `chauffeurs`
--

INSERT INTO `chauffeurs` (`id_chauffeur`, `id_utilisateur`, `telephone`, `types_vehicules_autorises`, `statut_disponibilite`, `moyenne_notes`, `photo_path`, `nombre_missions`, `date_creation`, `date_modification`, `photo_cip_path`) VALUES
(19, 24, '01 47 36 33 73', 'Tous', 'Disponible', 4.00, 'data:image/png;base64,iVBORw0KGgoAAAANSUhEUgAAAQAAAAEWCAIAAAAGn963AAAAAXNSR0IArs4c6QAAAAlwSFlzAAAOxAAADsQBlSsOGwAARddJREFUeF7tXQlcVUUXFxARRARBBFlE2REBwd3KLffUTE3NJXPNFq20TG35zEorLc3SUtOyTDPL3E0zt9wFFEF2AVlEFkFEkEX4/o8Lz8db79w7977L870fv8LHmTPnnJkzc+bMmXNMqqurGz1mn7KK6qrqassmpo8Z34bALmbrzcIycGJqYmJaN4D4v/x32Z8a4W+PmDVrhH+bMP8GmGnN36zMTU1rvjPZG30n/365DF0tDAMk+we+YX5hfn+ERfZ9bQ81MI08Wlr4t7ZiL+Dc4oqzqUVAwjSv+5HRwHwJ9I1raFX4a+3voIih1qWFhRXhJN4dlbf0SHpCXilDqpW5mXUT0yaNTS0bm+C/Tc1NLcxMKquqK6AfVY2qqhtVNaqGpJyaN5natfVgPzv2DALydnH5sYRChlTmv2bgR4GjxrJ/auO3qbmJTytLok7PpRYVPXhYUv7wfnnVg8qqBxVVZQ+ryx9WVT6EzjcCa+BMTpK5qQlWATBobWHmaG3eurlFe4emEAhRjwC+klmcf7+SmT/y4av756NBrJtRteMom3wmjdzsyHrMKS73+PgyKYWq8Lun+g+qGVCTJ76+Gp5ZzBPjKz2dV45oxx7J6eSiQRuj2cOrhdw5xf+ZAIJJeT27pNvXVx9iIpB/3FpYxC8KI2p3+kbRoA28ePRxsLyyoBNRp24fXcwvqSRqoghsZmLi7dA0Yj5Zp8//FLc/9g63Tv940X+IP8EgJuaWBq+K5NaXYiu5AhCru9q+9WJGkXa6LSKH2+wHy+l3y0orqojkXrd3EjWqByy+dfqwujouF4ySrRGcpQpuyXpq1Ojug4fcBaquJR0FIKapztwibsijQWTGfR6tG2GX59O8AbWFvURELdSGCF4RmLTp3VLKo0BHAaqJNZmzxLg3jM+tNf25oeA+yNz6a4QTiH4+hPNfdlji/CFteveBJBWAlH/+5oFs98RBleTDxzgm6YcaLOnqiI7hPuDffUUlmZnBywQi1IDCUjLadEqDzg4g/Q2gpLwKzhCd4tACQDqzSOH50Ea3bSWhnKr4bAGEpBdJcwcgVGNCpmmAlxGuaqp9KrqWaVCkG4e+pApvqW7iFCDIoOujJt3GaR2C5TRT2gGIBCbbqSl8iOROuqqpUQAKJJOhEN8LxNBHKis+o0k0iKBNqodgUj7IZgIFaNJVjX+XVM45pGTIbzNJGyrCk3qB5DekHDolPecUStMEIuVc/MnBZ5ViuOOPgVRKpJODFL8m+MoqwkMAD9EQrZw7InMPxxXSYpPBQ8cE0osblGh+KMaKcJMgj1Hm1qHePAuku6UIkknJL3tuS+y03xINZQfgOCW4N6PiHyTqXoRpQUQPe2DSMwB7zGogdS1jF28Wv/x7UthXkYfjC3h1pKExpR2AaCcTgg9dOBFax/OjBy+QnqRaSegv5mPQamIRbusfL95+cm1Un3VRW8NzENjHc/g0Nec9LwSiiwVaoulhZsZ3RebbngVHEgERbLKx2gDic0oX7kvxXn75lT+T+Ydp6hQpHQUgmougic+aoZMltQDm4i/g3AhVaEUqVd4d1iIgPgTT6BgReLuv5Q/fdL3Tl5Frz9wqoB3zo3EHQMg7f/p1GXL8e+CLoXFjvis46SmCgpLrSaykOwDhvVm9ocTkyyoq//RoeocV4RO3xR9LKuQ70oTt6ewAhJ3CpUijX5L5gccfpEQ+tvAPCd2geHbDWVaf/ZsR8Fn4x8fSM4rKOSPh05DGRJRFdVPYRviwwaYtHmSxAdMEI74NxUGmFLYd8ptgPgoQcxvP1zgwymck67WlowCk5FAZJ9JO8dyRtAkfeP67HB/Tgg/lpPcAJTx2AD508mkrtx7oKACJMcKHbGXzkQgX3uASwSsB82rMp2PR21YQRhzjhbfoNFLrkI4CUCNHSETm/HYA8SWlL8uAyAuUX1JRQDs+R8hZoIybzrCSDpVeVlOeO4CYo8L0pa9oUKIHLlczeT00FV+qSj3SUQC9sEFqd/F2BJGprV7OOVQGgugMcDBWkAgFKoywQUJHAUjnol4mR20mJDZSUQejF5q5EsurHftw6LySil8jcnl1RrtxiHOzkQEt2WPVjwKwp48iJL8zcL3cYxSpkiAq9jvAW3+lUA/P5CAQpDPq69ni62fb31jc+ey84CUD3NkjoaMA7PtjIMmMCQ3YSQ8e8ix3pNRyg+fPI+m+yo1O1VZsFAC3xW/svrErKo9Wp9zweNo3XTrIPW5R2IGZHWZ0d3KyaSI7O5HgoqMADeMijP+UJJGsXmD5PM6SE6z9EFxeWb3zSm7fdVEbLmTrhUd02rSx6fgQh0MzAq+9Hfp2X1eXmnnP7UNHAbj1LXIrnpNDng5VZLLF765Cw9VsemH50r9v+q64PHVHYngG33Sa3PjysLNYNrht/Lthm8f79PayUYuEaOekowBEXcpMIBqLMWmnPM8ApAPGn0eJ3ARDzkfjC8b9FBfwefhnxzNu6+naa4C37e9T/KPfCZvfx6WVtbmW4SCaGHQUgHRy6AWeZyyQ+DTry7CUnwFwybXmVGbIyoiRW2L3xd4huh+gJS5k8J7VzSnirZA90wOGBdhRX8XoKADRsYPWIZhUxDyXZDqSIiVaH/BQgMvpsoeIvsvDFx1MS8x/oA8qGiEjN6ydxEWhq0e193MkSL4vS2vP+kNnWIk2Hda06QAkXSBF9gLxZ5ODCUTDtGy0+lTWU9/KHiLqK8otzNX6x/He0QtDYe3YWWmzdjifAfSdGIvKQBFOMX6hQMSuWwoskm6shALRBF5URhgNR6lfuPNxh3VkduDp14KeD2nF+eaeSGyUdgAy3ysdgZFuO3x3AAozmg7jhocFbs0ZXVvD0N8+xe+Jdup9OwJxbaqPqSsQLzrQmvFTdlSeEpluopVMZNpodedgZb64nyvcml8/5+lNWA9KEw1EKyO/SVFHAlGXNYdgOv0SDQPfHYCoM0quXsI+ZdXWGsqnfcumq4a3i3s37L2B7trdmqQcES0cepiIpPxoVHRCRDwnB08nEiGxMnAUtOPQSvpNnvCw2T7JN+rt0Dm9nEnLHFLnjo4CkA6U+JMJghN5B6A+VA0dIe5hng92OPlK0JGXA0cG2vNcj7RIg2jdoKMADX1sjPQLKgHbpo3ffKpNzNthP07w6eJuLWhfQE60HNNRACKdk50BaJiqpJ3ylDtpVgj+LHK4B+DJI/Xmvq0svxrRLmFx50+GerjbcQ9Zo06YHCElBRCOQMlgJk2MJT7hWBH0mmHkEcfw6A/zs9s3LSByfqfZPZ05FN/mIz2ilZGOAvAht6G0Fc5m5S8BvMz66mRmxy8isu/pJ72UnAW7po3nPdnm6oLQ36f69/ex5c8aBwx6CIXA+20iQvmbBzWmHlmnRBTyB+Zv5rExgc6nFc34LdHn0/Alh9Ju3NFP0A4jqyCnZmtHtY9f3Hn5MI/29hb8BcgZA9FkNO4AbOVMRWnZdlYLp1HDkT1884XbPddc7bc++tfIXOGyh+skuImZKXw7iF84/0bw9G5OIls7OsnTCUBHAUiXYv6ro07GqANIhObY2yXz96R4fXr5td3JV27pMyUJojU/HOgevygUvh2R4xe0Dy6b2Ug5Mxz12cYGIdFOxwYhXRj+t92KJhCyh/8ZlTd0Q0zYV1fWn7ul36foeJuyY5JvzMKwhf1cW1tLzrdDNDEo7QBslE5hfunDnKA7vXVj41+VjOkjo7B82ZGbfsvDJ/2acOLGXd0dCwaBuB2486MWdMLblBGB9vyL7ghGKQFiOgpA0OFjA8oz+hpywqo/YWuc/+fhy//NuKVX90539+abnvdKXCRz53s5WEp8DIlWYzoKQNQlLfER7XToVGQ/Jv8dAE8Q91zXz0NEZoxsLMxmdmt9fm7Iv690fCHU0cK8YezcRBODkgIQ9UnpJpiWIrHBg5sdNmCKMA0uFaki8R1aW9Xc4IatGeUZ1IbgOSKplASBJ1mP6SiAIGxICinx/G/UmOf7A32wj4cpL3Rq9c/LgZfeDMENro1FY31QIWqfdBSAcAOgwyGJnvPt0ZL8xMdh0+BLJY/2iM5n8u1sGufd00PUN1k8qFbflGhi0FEA6jxIDaGVObGg+J8BRBACtHSIr93uqf5IsaYz344I9FDpgmg5NiWC1kQfkc4BCblFTUEy5FbMo06bkisABYqFRAGf5vzeLtfeCf3jJf9BfnZ6GREh+WOLm3hhY4tYeDgqqsuSzOZNzFhCysGKH+gnt4JOOru6WW8Y4xW/KGzZkLbINKgTvsEB6CEYTsy5qJfxaGZBvFJk3S3TC6maOkXQDg64p14NOvFq0KTOjpYGt6fJGSeajcTjSmVQpR9br8RmM/Id4GSyPm9tFelH8uT3B7ghaAcH3M5ugj/IojJDhEZCOTEW6RmACntihkOzPwQje/iuq3mDv4/+/EQmFTb5IMENLlKsxbwTtqi/mwSDdviwpqUt0WykswOQlnNrcEcuNhUmkT1cFrTzWfiU7QmnUooEGl02aOHbGRVo/++cQNzgIsVak8Z8zv9sOpQWDJEJZNJj9RX+UbV4/4YXQOzFkJBbGrIqkj28Wsj1oz1f7NKaPRKEUnIOJnu2Q8tfJ/up7Qvi/iehANH5++MK9JI/WZEq5FKeEtbqlSecOUTslFVU37hTmnKnDKeXnHsVeGVWXPbwfnlVVU1UKnI6IIWJdRMzh2bmSOPjZGPRrqVFe/umes9rojoo/yQUjth8XfvE2DnF/5kAO8DQUYChfna7SBQgMbc0mLcCrHvOc2pXkRRALYPIHv7L5RxMfX3lT1YcY8dm5i/3dJrRwwn+TZaLAoLtUOT0bEpRRGZxVNZ9cMFBgeFHCnZuFuzSrEfbFl3drS2b0LEpWLKgFoxIAfRPLh9WRWt7p6RSsS8pZA+X09OuZVPE7cQuDHu3vxub2Z9TXP7DhWzEmbotvYgs0O8eTN15NS8ut5TD7AcNqQVliNj76Gj6kE3RzksvYptddSIz+laJaEOj2hGRQU5HAYisLj2KhnPXaQUyn2ZpedXWSzlPro3Sb/ZwOReBTlabx3njBTridnQuvaUVVb9G5DyzKcbz0/DXd9/ArKWeBbr8YRWMzPcPp3VdcyVkZSTqKeH9GmeZc26oh0MwKa1UDsFEfJJSqASPcPzX/0z2Wn755T+SwjP1Ux5LkSRkF/zjRf+Lb4SM79RKZ5jSzYLyd/enen1yecbOpH+T7nJb6UkFmJBXinpKeL/Wb921LRdvY+0gxSAOPKUdQBxi9drLDxdvF5TWM4TEJ4fJoH98jiy74BB/2RlO+wfOhmk7Ejp8Ef71f1kFD/RD/Pmb9179M9n/s3C4yGB96SKZwt+J7BE6CkBKtV7cclS2HVJOacEjUHlal9aX3gxGBv1ubXVfZt0qKkeNIyzAO67kibPka+c0534F3rUFfBa55GBqrsBl9ohMAzoKQHTsoDUniBQdncKFR6trMfG0tjZ/r78bApW/Ge3JplQWfDtfnsgMXhmJGkdSmPqKsiqpePjVqawOn0d89m+GcEYR0cSgpACEM8KENNEmIX614BzieWh0yx1HJ5dmiFqLW9h58QA3lhn0IzKKcUZ/73BacblEQ/EgDtC29MhN+MFxZc5dOpRa0lEASsQIi6ahvG9qYmYyJsgBz7LOvB6MqDWWL3ErqxotP5bee921KL0mC2I/hBl3y3BlPmrzdThS2bdiA6kXE4gNYZRhSGOBpL8D4DJrUT/X6wvDtr7gQ/QsK6uofMj30cuOpkvN5tE55H8nFHb96gouE3VCsgdgYwLpOTGWXg7BZZVESwN7gVOAZKydhEWd3x/o3saGLNXUfylFvb6+eiZNn9FHfEQAiwhZ7sb8GCv04VgtkXRMIOnOLAWmcdvPZ5yEaKtk7XCIWtsekfvMpuu3BfarCMG7Es6DcQW91kadS6WgxkSz0VQv9xNUzsBsdjpGylhaVhxL/4+GcGlNBc7WjiIBK49nTN+ZiPtXWlTpFw9OBUM2xmw4d4snGewnBjqitAMQKR1P/kian00twk2Q9/JwBKuQtBMQlo+1o0jWR3/f/ODvmwISqg/U5Q+r39iT8uZfN3Cm5/ypriZoTEcBSGkV+gxQXF616Xx299VXn/4uGjdBUlgjYe0gjThi9BnfDgdrR1HInx5NX3E8g1TsDQX++/PZo7dcxyCKQDAdBSB1yFBhTO2uU5s9/JNLc/+6EZUtCaNfbu0gjXj3thRS7mw8n/3xMalsaFSGUhXJ0cTCZzZG400CB/xE5gglBSDqkwNPupooZQ+nHueoq3/1f6dl7ShiP5ZQ+NbeFG70NKxWF9OLB30XfZs8fEgPZwBSyVJ8FJ9ZVP7J0XRfCWQPlwuBrrWjKNuUfNnlUYNz9pNODzl8bE7pkO9jOOgA+x4p7QDsO6QHGZ5ejFcdfivCPzmWrvficAxb1K0dRWnhXDj9twS9R6TSG0BWmPBS55kN14muCIjMEToKwIoVBSAqgZkI9tJv9nBFroWwdpSk+vm/6QgtJhW1AcDH5JTgmozgTExiA1FSACKlM4AxqWNBOGtHSUiI7F8pgTwr+hq6SxnFk36JQ8oZ6gRQUgBCunQ+YiLEpwdwQa0dVX7e3puix1KQepCvSpdHEgrn773BhhI2WiK/K6CjAKTvARp0Xj4RrB2lYT6RVAi3IJuxN2wYPMr77qzue2ISC4jWTTCh4JtZNLy3KaJZO6qy/OSowd55EU6cRm/vTz2ZpCNeiM0OIO+Xzg5Ayoa5qUkDep/FWDvIO0LrJotIXIgPa7iRnkScsgGGC3jqjng8+GQDzAaGjgIoVrRl0ytgbC0bQPmdMFdrVEdkopSdCaOUWcpBJ9im8zRj5XV2J30AhL6+tD1BS7CQHkwgDlKzlHDCSrm1c/q1IFRH5Bm3w0E48iZFZZV7YvL5YDDItnE5pQWaoySIAnPo7AAcpFxQKsVHq3iBrkdrR1WMh65joMWICeMwgvpqgkIHyPPO8pG0TiLFVgC4cndE5g78jmOck05+OAMw1k78u/q0dlSJPxBbwJkjg2yIzXnLeO+nfWy1cKcHE4hNl3j7/OHhNN8Vl6f9liidtynSsXbUjugpyVTZkII6Iff19kl+ozraayeGyAtk0m31Ff55BHq1tTk6J1AtWTgf/x2H7OHZhxMKJRXFBWtnWtfWM7o76et0q3NKxeeUdvqSbxJ5nb2oBcC6ENLGGrlHIZzGZibllVW371Uk55VevVVSqKcMc87Nm+yc4hfGosINnonioZx2xndM8h0RKFMkk25fXeEfN9+zbfN/5nRU6hIBTFuRPfzi7ZQ7D7gNg0CtYO3M6ek0JkjqlSOQNgexnwIJQRNaFAx+s3ebsSEOarPIYKu/mlV8NKFwd1Q+/7IS7FlDYb9tk/1Q64lNEyIFoHMGUHKDnk8rmvFbou+KcCQKls7sl7i1ozq04qdWfvOpNhFvdZreDeUv1DupEcUY4mL9dl/Xs/OCL8wLmd3dCWYJm0nJB+alLo5HZndkOfvRkd68QLUPEddc7bc++tfIXOnErsDaWdLfTV83WZzH/ibtjFHaKVkzsv0nQz3Y+3w7Olt99Wx71N5b3M/VRpirfWRE/WaU57ejvdhTJVMAkkMAnR0A9SPm70nx+fSy7CGilDKTyX07Swa4SdbW1zQvke6Ks/KQNnytl/PMHk6krQBvb2X+3kB3FJp/ubsTyihxwKCpCWrPID3etG4ERYDY9065SiSSwa8/d0tfxyNVthuctaN25ER72Olq0+R/g9qynz2qkPDKf/ls+7OvBwc5NeODR94WNanOvB4U6qo7D7Zqd3rYAajwTAVJA7V21PJeIlaCWxSYoVLrDkbRqdeC5vRw5jmUC/u6/v6ivx3rYmdK3ZFYQJSiQXkyTKV5g7Z21ErAtBFNi0KLkEd1dKAyBEACY33VyHaoX4hNmANOGP0obPzhIHcqbwbZEEDnDMCmJ4FgDMPaUSscM05ziFTOiHVtb29B2ko7PKp37nrRn/RkjN378KxAFDbmSczjYgIZkrWjdsjtmgruYUS/pLl4Wc5ORCscmtkBY8QSHoeHk68Go9AqS3gtYERuUDoXYfyJJsLQxdV6tpA3WbjWSMkvTcx7kJL/4GZhWf79ClzqoWT0/YqHyLqH3dmisWlTc1M7y8b2Vo2dWzRxt7XwdGjq28rKzopmjPekX+L/jBY8FBSmI4JeieTPHvhGftmozTE66ygP92/5wwQfa0o1hn+8ePuVP5O1E7l9ku9IijfB7CXCBxJhgM91bDmrhxOV/GpKlCDw+HTyvTMpd1EDOCLzPor5cCDVtQWqRluFulk/4YGq0c1Z1rbQ1NGiA6lrTmdxIIOoCcoMx7wTStSECBhrx4Sf486macxngSPvBwNpGv0GqAB4hvtCp1awDmkFwcqHMLuofE90/v7rBadT7iIzK9HQage2Mjd9sp3NYD+7ZwLt2d9iKuLceC573h5Wz8D5kA3n/e3/daPiBdJERllFNd6zb76k/LIHh4T1Y7x0BreRcoeqrKhLaQg7ABaniZ1ajQlx8GllSSoF7fBIpbg/5g6Win+Txaibi1ipscEOYATXRuwZOZNSNOD7aPbwnCH/esl/oK/uoquc8TMNf7+S9/a+FJSLZP6JRe3H8T7etEcWmFFvBhU3GrACYE0aEdByZvfWfbxseQpdtTlMnY3nbq87cwu1r6kj144QPr7nOtrP6uHM8qiH0BLnDy88JHJqcGJpUmirDc97c2pK1gjC//5s9t6YO0P97eb3diUKcGDfUwNWACZE+aWuTq62rOL+2AsFkJhP3/6X9fUpvZWMllPb3b35m71dh3fQvej2XHNVhKBLaObVBaFuAsicaIBoAf9wIfv13TpMR/khWCr3AE942OAGhHmQRX32Yw3deimn4+fhqM6pr4LpiqOLDIfjfo5F+YJ9MToefD3RnkI6dZ0TC2GL07YnlBrK20uiLVPPCoDkKLO6OV2cF3LkZdkNiBB7YvStkj7fRr38R5LUCmnhGQbUoN+6a4ge1zRHBwlvmjNdI/PKCz/H4bSqU1ukD8CGBz1XiYQQfVtZrhreLmlJ2OpR7QOdrYQQK9z5KA32xDdRyCwpBH4qOLEbIHp81s5EtQmQn2zfgvQ+lTNVqFg6ast1mOmcMTTEhmLvADjg4tZj37SAyPmd5vRyFq54dUZh+eDvo1EaTAr1kXTOjF8icsO+vLItPEcJElviyA46nsDqRM4e4MSNuwPXx6DkAvsmUoRkswXU0Y0qkSTgPNh1sDKf39sl+u3Q317066/1VT+PTmqbIpnmE2uvSufpPRuOUA5o5u9JqJyulPZsXCdqkWpsyIBh1uebqCuZ0t0zdXJBFAohxg4Aj+93o73iF4UtG9K2rR3luCtVceD+aPjmWLm/Wae8JAUAO6THmqtH4h8djvt62XraNxWTSOwAA7+P+eua4FEYYjKlqS8BFQCRC+NDausiTuniyD4jdEFJ5drTWVN+5fIefPGBVNyeSir9BOkwQ3VH/xgHCTANEXo0Q5hXUVoIQ/X2F7bFL/37JpFHhZRTgeCJaBZEAeriNEM3jyerixiTXTL3z2S8pl94IDUpt5RIQEgWOXtn0mrhg2eIqOIGjMsvSGDNqUym+UvdWts2pRlmx5Kqz45njP0ptrC0gR2LiWx6ygqAOE0mvxrRG1zMXQTkDN0Q02X1lU0XURNNFohWSaLI8N9N/iXu5wjlQyTLkZYm2HuHbiIaArTBVYB7cb0QeTCuoM+318TPT8GHWZKJQ+lFGHw7TBXok4TZZOH7++J4RofPwif8Eg8XhCLb7Mt9Y/aP3RqLemF8pCbBttgHlh2prQX/+lNtRPOHKokCD777rrum885OggJkQxLfHcCuaWP4dmLfIc6dDz/DK7uSYO18+PfN9LtlqrSy3AGQbHTitrh/DLSAypnUe8zlFHxoc59ow2ZEhYDB83zc2b1/KE1LUnIh+uWGUyQTyMfB8qsR7eIXd4Zvh33wAubrziu5T6+/1nNt1I+Xc7TkDqpiUXQA4/HSjgRs09wk1bBaze3tgvcGeqR51clMVG9HALkeaWDTNVHBLi47AIJ7f5vsj5ssZBNg/4oHpv3yY+kdPg+fuiNRy/MIOYeIWNbJ7Vt/Je8W/s2UTjKEA+jl8ehVDUT98RB34fpig/lUSlGvtVH/1ZxMDONDoABmJrJLXOQqQhpQRDKyf7d/8WbxtB0Jvssjlh1NZ3/L+FBXWvz1Z27hxGwYw6CWC5yskB9B8U8Il3ra21a/LCOMfMjGmK9O1nqo9EuM2t7ZHILJEmNhJBAyfunNYFzi9vRgG58Ia+fXiJze30T1WRe140oeaUhClVY+LqQVLzqYKkHpUyTpyxHteqhI++vnPPVeXg3XLEsOpU3YGocbG4r80kKl23JQ6EnHDoCkI1M7O155KwQPJvwc2YasIQ4Hdyg+yy/P2JnEORCtUrMJhMj+6b8l0H3BSEv6VPAgQH/jWK+Z3dXkKkTCwE+H8sriRoVCIIHbrdfaq5duNuCgCXChQwFWj2y/boyXpwPbF4mwDnGD6/95OO5QeAYjaNkAPjiUekNiKddpzSrgQaJCpMeZGOaoCSdqGgwRK0xaO18oejLg+2vyCzuKQuCDio0JJMevQwGQ/IMNKaXlVXiHhhceA7+P3hWVRyUSQdMhOCqrZOMFgzX9n2pnc3pukM43k9+N9dKvR0g+K7APLzqY9vxPcfmaq9axmUIUYUQNhksrKIN72GfFZTxD5l9oQ1EKmrTow8OpVBSMosSpoIKP4e0+LvtnBra21v0cFNkxtr7gjWgrKl3zR7I/9k6vr6O0vOzh3wV7DEQ7gEmXryKjs0s0Yd88znt8J/Wp6o4nFn53NvtgfIFA0xGVF/KWdVMiLDy9+Mlvo9jLgiIkjkMBjlbBLs08WjZFTKujtTm2R0xBXGXcL3uICkIZd8tQvjMq6z6uTkn7RX7CDc97kaZmYPP4lZQSPvBwlnwwwG1BH1f2HkI+3Wlqu/pk5uJDadoxb5voy6Rj4a4AtkvOCXoMxUHwzsfdldiYviNx+5VcIaSmCScsjdFB9gN9bHt6tGCZ6Ao3HqeSig7E3jkcV8AmxXkfzxYbx3lzyx301p4b353LFlMgOvvq72W78XkvJ3bljHRi4wAAFy2cVCwVQCp7qCq5qmcAWJliXnv182qxd1pA/Lthy4d59PW2ZTn7wQhsGNTY+nGCT9KSLsiTjNyDmgYDSr58aNsDMzpwm/1Au3JE+1E1Kf6k8zmWVNjj66tHFZ40iEwbkQnERwG45L9mLwtVy+pADFI66LoeY9+BZki8V8ajzf0zOiDDK5/dHHe3yJOMzJtHZwcOULnAQiKMc3OD5z3lwqcL1GTZMt5nsDScQnKJIv/AyC2xSw6m4i6IxoAIiMOUSF0EJEQdaiXa9sWI8UZpWpfWqHRC99Fmr3Y2e6YHHHs5EJMejOKFF3LAIBGGryNb/7IWyePdMKrnoqSKyKOjs7uvTmUN+O4aiqvqhKQLQKRzfHYAumSrwaYYEIql/7TwISifDfP4ZrSnJaU0xUos4VoXk/76wrCoBaH8s+ArIod5tn2K3wTemfWpjyiuQRE79MtlUd9pCB4MR11MmhBWKmSrvZpZzOZAyYe2FUM9Xn9S8JBjXOXysXk0MWhuavLDeG84UvlIQIi2GLVZu5Kmbk8Q7WWZ4ewAitmar2bdF2J45DgR8TH3KcFnv6AsAPnSwW23jPMWoXYvKSM7r+bhsf/ZVMmEkdaZ15I2gaoUXoXhuTCp0NnDY1X+fER79vBShhzXqdW/czoisbbUiEwrLBu0IQZBYmwC3fkQT3SslbQCPFTYAgStOL9scFv2Dxv4jI04bYPaoFpjR4nECymyDM8egsSeXnctkTDjAZHcDMcEUvR5pheqeTZJJBdNwHja9lyQqMmnqJCtHQkKEfzxkj/O9NIJl5ATjJNxj6+jvj97SwQ56OxC0juAYtY6xBroZIYbwOTOjkKcSrkRQ7cVzvQnXgmEhtNFyx8bKlC9uTdlxA/X2T+QYt+p4XiBFB+FCZe0FcUa2Au3wUGGuFifnRv8ak9nBNtJjXikMui++spu2inoDMgEqitUh9T1AsUdIauFf2u2D32kNoFY0oP6X1+MaHd4VgdvcVMssiEvv6Ry4rb41/5ILikX445flSRJm0DyaIiKKqGk491Kct4SNvOGAwxuo8/PC3m9lxS3AtTPQzJjWo4+kbxAiEIR+iOrylvzEWz+N2rVjKBqndD8Co0fN9yfDZdtBRI8FcTllvb+9hoK+VAQAokNJPEdgII0tKMwNxNejwVngqwDbAUIwpPgVoCTMQr5wBziGUJHMv91vQkmEy1taHliCMvGZrRx1+K7VyaUcSUQwVTQMlvBPy937CC98w/MoWc2xaitl0OFdyUkDWMHQLAXXhsJwb9w1wtCUEsXZ7e21mdeD/5woDueJdDFzBMbKps8+U0U54y8hukGtbcUJD948p0HSLLCc8AabnOEUi/s53phXnCf9i0kxcXNwrKn10efSuYSO2Q4JlClwuG3pZUgCgBH05n6WaklNQ/EIQbl2g/O6oAqPvbCCJkbF3j99OyW6wIVqiHLDMeNAf6tFKNB27TQnSuBW4/UL2K4kaH3VqjiE/FWJxT10TslcgLwAHDy9oQ/o/KISBLJDUpEEzfghwo7gJutUImRd0XlF0gmpw03QdFqhWwrKOqze6q/u2DSJiUVW/SLOxJ3k+iA4ZhAijuAcIXi4H1bfaq2IBfp8Bgk/CA/u4tvBr/c3Uki0RPQgek7k06zPg8YziFY8f7L17GZcLNt7X+3EoQM0BWOcoEwoyjTl8+2/3t2B+QHEKgLIrSwhcb/HMfZL6SlL2n5v5QIVTSBEONOJDIiYMh35m+JPO9fiHpsEMDIBI5AunlPtpHCVoAz8YSf49nERBqOCaSYIBrJ2FB8Urh5gyD12b8nEp2fOBCDw8b2iNzP/82Qfp0VhjsUt0VaJGwFUoieQMq9Wb8l6RQ70SBKeweor8s92jbXyTwfgN+u5s3amSjQgz3M+Lf+uuH5afj0nYn/O3Iz4POIDw6lIakwH4JFa4utANETs7qpSdcuGg1MR3uv3/mO6ksaaStA/enR21Pwy5ptkbnDNsSgvgHFcUUs98rjGUErI787ny1P7IVfVp7MRFlYVPqg2JdwqBA9sXpU+9+n+CONqXC9sMGM6rEp+dqeBxqOCaR4BoBokKeNjYB4wuAevuvqK+vO3OJ/JECBx03ns4O/iPjg75tM8WOlD6ocDNpwDX3xpFm05sMC7M7PC9ZvmSZ47d7ed0MLywZrAqFOhzjBW4UPKhfsSwn8ImLViUwOuwGeMp9LLXpnX4rvistz/7qRobWsIh76oC/kuGVRE1C0ea6tI2S93TMtYEl/Nz2ejFEX9J+EQk1UEtUHMGsz6OXc+xqf244MtA90Vu9//OzfDC1VjKiMFdK+BjjVc/7cKak4eYNLfAgHepDR6XjS3bX/ZeE2/np2CbKfI0TxbulDJHgqLqsqqaxifr9VVJ5ypwxpi04k3UVxkDWnshbsvYESHhfTi+9XsDXxL2cUI1HC8A72woT8ceBeWxM8rnzKs0UXN+t/Eu6WsOaRLhEJOaXTurVWi/PfxMLzafe0d/dcR3vmJaBJ5y8jY25zqQ/Q8r3zQqeqRQJNpRSCMP6CVkaghDpdaUoE29gghx/G+0gsNFObbFAeZdxPcXQLo7Afiz+n+g9WlxF18YHU1ad13Gz+PMFndLAs6EPSh2DVHaadvUVfL8GPwuzHgC7k71F507bHi5IAmw7h8E3/80rHZ/xb0kFHiGWthllOtDpKWgHUlgqe09OZUFANCXzXtfxXd+l2dUuHJSQU2zHFb3pX9daIoHQeT76bxDv1tMQVQI0yD/G3E+coLOjgaUH+c0TOogOp+uqdQ784t6x9znN+bz3k5d0RoaZcEJGBLG0F0MDK4qfdOIxTA2qy5nTWlyekW4pdrSSXDWn7bl9XkYX8h7qcQiIFw4ngr9CUDALlzbq6CXsrLPJAqnb33uE0BE3onQwiAj4Y5D73CVEzbMfnlvK0ghrkDoBR+WJ4Oz36oYmmBWfgOX8ko/A45+Z6abjiGY/na7wron3gqlbqy5AOwRp56eJurZeDl2jjio7KH1ZN3haPmpNidsq/r/VjvDq1ETB2XYnCsyprhOGcAbRftH08zEOCWfD5TyBFDKg2N+9Pbdf+dLujgg0BpL9M9LOxECqTjRKRkZnKlVMMaQfQNiJwwKFAIupXUxk2ySJB/OOZhmYI4bpmxTAPcUSKGGk+eT1MGxHpizg81fWi88a3q7v1yuHtxCVKD73tjRajPCZdxlAftqfA4etygpNy64UyGI4JpFoqWHWQZnR3mtPDkK/GwHJDiZNTGp1Ph4m0NqXeqRcdTRQMJ2kvEMucuMjyNzJAP7fxdFdNtdiszE01RX2J0DufLrA/9/ey5YOBZVvEI7KEVAWTtALoNIEYfhA9tnWSr0HqgG3Txjsm+zXcCgYzuosRIpGnFM7MwqpvIImxWO/9qJL70wu+Ywyr1NcAb9uzeH0iyjMgziuo9oaDfVtaNxHcHVRQWqlIBov5/whc0jsAUVwk0lxufcFHgpWiOcwtF5smKPe7Z3oA6rdyaC6dJshqLPRLbjCLR6f1FIBEAyStACxNIEXmUSl641gvEVYdgSYZEjVDhyMXhKLcr0BdiIxW6UmTEL2XEa2U9SngowCCO+DZeIFUBToxzBFVcoOcxLuMpDWoyMsZOb8TdNiQihaLn3DXcLxAat8DsJltfo5WJ18NWtTPVYJVctXSj6LW/70WhLyceGLChsEGBCNQdUNFCZjWL4BpOPcA8goxHMYb1uf7A93PzQ3qI3wyFQ7kMU0Qz/dsh5ZnXw9CUetQV2vOeKTc8Eb+A6HJQ/AF5y64t+TcJfuG3EwgRfxwIB6c2WHPS/5hLtKaXijPipSDVxeE/jrZD6V82cukYUFiMT6VrBytSZ0FXJXUOwSTdCBtBSDazDSzPcDX7vTrQcj6Lc69jBb5Y8nv69ni+zFe8Ys7I+Vge3tDM3iUeD8QW6A9KwzJXNUIa1e/rgfRrJG0AlSqySXFXWLI+r1vRsDlN0Kw9Do3F6rchlr6MO+f8LBZPrTt9YVhB2Z2mNzZ0ZCOuZqGBN7JDw6lch8w1i1b8xhNSSsABzeoTqHBK4elN3Fx5/3TAxBE1L6lgIWynZo3gWMH633ykrAjLwfOe8rFzVZUxdMpDUEB5u1ORvVfQbtgkCuV8zAkLxDJlQaJpPGes5+37aqR7aLfCb0yv9O65zyndnb0a2XJsxallblZF1drlJZAva2It0JuLOkMxw7Weyz4JNQ1eFj45ef+mfyLWE86veoXMSAygUw6r4qMyeGSGMvh/QvI0ijoWCG0AZe7gnahhBy7dmLug/icElQpRD7nrKLygpLKu2WVxQ8ellbWaiMeIFhbmLVoatbcwszZpgl+kC0QOwmGAUtRfY+cmLRLpa/0wnIkmj8h/NmXYRgvb7KXdlNkfs6upJ8u66g4v3WCz5iap5uSVoDnAu1/meQrlYE10qFLAniY8s3pzJUnsoReGRUJQYFXlLgkVYCfxvuMrSkHKO0zAOtgOF1DY/y7sBJAgan3D6X5fnr5o6PpYs5+cIWgayXeiEwg7gogQloUoZPvCjspDB070scjCfanR9NR1T1kVeSqk5moYiQ+06pVI4gUwCR0VURsjsaj+uZx3uM1RGU5fnBBbc57iiLo6mb94UB3tQhNTUw5aKCJaSMOrdAE3aklw6apKcIutLOcnFd694GAhyVsk0LvlJhS5ZVVGO7b98pv3StPyX+AhMox2aXIW0FxuDmgQtRj+vtdceuv2Hb2ziRk19OOTW4CSVoBOEhE5Cb9vFrsn1HPAFUlAPmT98XeEZmwx6S70R3tf56ofEpEnSudDqiGcQaQ/iiy2W2NfiHhxnG0uidQbAZFThL3M4BwXDUgzELdUzQgEeiPVARaD1WXmZ1oUIwKIPgACv5sQnAOJNrB5DBHPAPkSZxRAfgJkMVqYzSB+IlYfWvc2c/srj4djtEEEkLg6nESZeIWj6zHoKcxHe2Rf04to4YTCyT9cWSxATQyMW4BtAcSy/+7/enUiDCaQLQHx4hPeAm8GObo62ipqR+jCST8CNT1wOYGiu8xTTxuGkZPiH77YJC25Z/Ntiw3k4w7gOCjbrSA6Ip46SB37eHlxh2ArsC1YSOStXhkGW5PeFg3i2ouZOMOIPhkMZpAtESMTKkbx3nr3FHZmEBykowKwGt0WHncdI4YLxIeo8bfjvZklTeJZF82KgCvCcTmEMyrA2PjOgks6O2C6qDU5WFUAOoiVUZoNIH4i3hUoD0yRrLEYzSBWApKJDCjBcRT0Hj0uHmcD3sxklhA0n4SyVNwIjQ3mkBCC7lXW5udU/2VnrxQ7NRoAvEUpu791mgCcRYxsujtnh5AmkRM95AoEGRKtF9w5sTY0CgBUgmMC3bY/RLx7EcvRBGKxh2AdFzqwbNZPtgbr7xIMaDGiHX7aJD7lgk+3ML92QyK8R6Aznxh8ybcpJHRCCKQNspDHZjeYUFfV4I2PEC57wAc0ivwoNPY9LGQAKL8z70R/JSnDR9u2ZwB5LsEdwXgQ6LhtGUhbKMJxGa4UQ7w9yn+Wyf6OliZs4GnBWNUAF6SrGqkWwOMBpB2EaNWyLLBbSPfCh0WYMdrMOoamyN7K+uPUQFYi0otoO75zw+/QbdubW3+wQC3mIWh8/u4UPT0ExWGMyqA4FPMaAKpivipdjY/PO8d/25nvGy0tWxMdwwsSFJFGBWAl/CJPG68emr4jeHcRDT/J0Paxrwddnh24ITQVty8nDolgeT1OmGMblD2ItIGaXSDapcjauQM8LZF6e+dU/zT3++CMjlv9nbRlM2BzpA0aoRnA+xRmXRaGaGljo2W5Lhv7L7xoLKqJnHsozOH6j8VcyLU/LWWNuS2VXSkAon2fyqea2py3GrrVBMq1V4U7RMdNKjrFGUyUIFPu7jf3Z/6V3Q+QxK6YE5oEAu+Qe0w5pIAv+Cfcr4AwzDIyFMuVXyn8H3tnxi0tfhrpMoglzdXxSNHKAdWbC5H+Aht3SgyFCo2l1Mob9WsiVkra3NnGwt3uybUzRs2M/vb/7Le3p+qHXLLOO9xNVmfuSsAG1KMMEYJiC+Bny/nzN6VxFIBjGcA8QfI2KOwEmhidIMKK2AjdmlL4F4ZQTUG4w4g7cE0UkcugcvpxewbGRWAvayMkA1AAn9G5W2LzNVJqPwCU8chGDHZIwLtXVpYyKqCNjUzNzXBPXNjM9Oq6qqqGhcgYq9RFBYRAfgnfql8WC37UzV+r0b5nJrqPVUygJpf5O+n8Es1Gw+iOj4YVDo55AxQg1+oC16hyxkJj//RIHKWsJaGmE6kj+ww0x5UVBWUVqbdKTuTUqSl5q9iv3L3pg4FEIJJI06jBPQuAbkCGE0gvY+FkQB9SsBUqM1en0wZ+zZKgK0EjDsAW0kZ4QxSAkYFMMhhNTLFVgJGBWArKSOcQUrAqAAGOaxGpthKwKgAbCVlhDNICZiErIyIzy3VwtvzwQ7TuzoZJPNGpgxSApVVVcN+uK6dtUcXYToV4K2nXD4eyjYxr0EK1MhUw5JARVV1i8XnWCqA0QRqWINrpJayBIwKQFmgRnQNQgLGxFgNYpiMRAouAeMOILiIjR1IWQJGBZDy6BhpE1wCut2gpF6g4nJZsD6eZVqaq9eu0oqqh5pD8JDSxbJJvYZAeDbl7s2CMjRCLrHO7s3b2DQhEkxuccXZ1KLsovKm5qaeDpZd3ZpryUhTWFp56ea99MJyvHzwdGja2VUNMMMCqLSqTyqoKq+sLq8JaW+GxxM1qRnKKqor6j8waGJqoj0lTn5JxbnU4uyiMjRv08Kii5s18iywZ/l2cfm5lHvgGql43GybdHFvriU7Awi+lH4vOe/Bw+pqd1uLbh42qgUp8KIDGUBAQNPGpo1VRpUZcbVMQRIRGcUJuSWQGPJEqGUETpuySpnEVJFDbPcrNCLXJBA2XiCk5UJiImCgrwBW754FXqRAQhIYtSQO3RBz4sZdTdSHODc7Oy+Y+SvGZsWx9G/O3Cour/fKc6CP7cdDPAKdrXTOiYKSysUHU3+JyH2o8M5ClpFvoPtLXVsrNQfwh4fTAMwMNvMB8PzeLq8+0UYxgcrg76NPpRQh/0zW/7oqIXnvYNqXpzLxZeRbnXwdLfHLuJ/i9sXeUQJDQsyu7tYvdmn9bP3Kh5hMHxxM/fFyjiINmMcjA1ouG+KhM6NOXknFwr2pO6PyFPnFxMJlztIh7q2t6y0c4HL1yYw1p7PySyrl5FmZm77UpfWHg9sqqsGh2ILRP8UCZlJoqw3PeyvyUlRW6fThRXwzq5vT6lHtFf+E7AwfH01PvytTY+YDRkZ3tF8xzMNJYQn76dLtOX8k46/IHfRM/fSg17NLOq++gj+908flf6yL5BEpgKRNoJk7E1ccz1Ca/RDHkYTCp76N2hudr10BsBD2W3/tp8s5irMBTW4XV7z6Z/KyIzcVmzPAmy7eVpx5DPA7B1Knbk8gfamknbaCB5V/JxS+sC3+rb9uyCExI8dsuf7d+WwlGkD/n9H5vdZexT6mBS2UZ8j3Mduv1NN2wAPb1vCcnmuiYm+XyJtjcRm/NfaDv28qzn78taSi6tuztwauv1ZQUqHaF1aH82naaJA3WbA3BblJFGc//gRGdl7Ne+qbqOQ8bXev2kVH9696UwAsBuue81T9ebd/bWWEfxIKf4/KA7f+jpb7pgVkL+2a81H343OCJoTIdi4M6pcns7Q/XZy2PZG55Ebq7W0v+CQv7hy1oNPCvq7oGl8u/zdDPp+AZ/IvCQxwW1uLb0Z5np8bcuKVoPf6u1mZy/LsgRLsRTxFv3J4u69GyH5WDPUYG+TAkIHpfjKpdkptC7+NjQVfdndv/s/LgXkfdQfXh2cGDvWT5d4qfFD5zeksLTSsPZ0ZUzPFB/nYnnktKH9Z98wPuvz1kj92Y3x56175pvO35c3fP5R6MK4A/7SxMPvfQPdTrwadez1kzcj2qE+BL6/cuj9zp/rUOvP3puhcC364kL3u7C3gQYaS13s5H50deHFeCKyODq1lm3ZGUfn4rfGwDHnKk0pzvSkALOSpXVur/uAJMsPYwTqzYcNY7/4+tjYWjbEpd2tr/cN4b8ykKWGOh2Z10JJ3dv/1guPJMkMLI3psTsdRQQ7ONk28HCw/HOS+9tnanfrrU7XzaeeV3P9qFldv+6anXgua1q11UBsrmCiLB7jtn+HPZBteeSLzVlE5H6HP6OY0u6czfuY+1eanF3yWD6m9X993vXYrO3hdNiPx+XWSb08PGxwwwDWqReya6o+TGCyxrRP9tBDANLduYvbrZL9OrtY4g9lZmQ/0tUMiTogLSTlXjWzHNE/ILV13LpsB/ntWx3f6uXZ2sw52sZrZwwnsu7awkMk/ruBIfC098k4xoSMz72+5KGur6QOj6IPDtbvrLxP9Phverlc7G9irsLlPvhoU5mqNhni5u+mCTEP0/tGbAujkPK+4dgtWsgfQ8JVezt+N9dJ0yGYw/3ypdrVbOtgdU1+xO2hdoJMV5jrOuMz3P16sBf58eDul42b3tjazu8tOCyDj1wjd6QZ08iUHGBpQq+pZdVZy7v06llW8BIhGWTakreoBVLE7pjmW5zKFMwy+wU4DcSEppxx466Vas/CNJ9tg3isigaygKkpikQMEOMqAl/6djmO6Jk7/irqDJ+r4K3Y5JZseKr227pywuU7m7CUmBKR0q0TC+8EwPOXXBKzQsFnZ8w+T5mTNORsr3OiOMpNJ6fPvK0FX3w79ZKgHvsdefO7mPfyCTK5YL1WBJ4bVHpePJxWyp0EnZH7ddJdnM3ZtUauoz/5w/WBsgU5LQ6kLpnlJxcNhm2JOJWuz1I8n1zIysbOjKp0jA+0hN3z/b5Kyr2JcJwf8CUftj49oNAhP1CGfFKZG8iEu1lh9gDw2pzSL346qU8JsAPS2A1Q8rJ68LV71R348mhTmyOS4g/E6dUei+7KLz22J/fRo+omkQhzztfOWfa+8qCY9GGSttvKCoosjOb+0vGbF7dSmmVqbKsDJCo4UACTkUDu6weP0v7/TGC6wyTC/YGtifknIKx3zU6zHsksTtsatPC47q7BJ1DK1S21zWCmDN0a3/+TylG3xa05lhqskikrMfYBeHJuZt7WrXWUU5QkXLTNHIUOlOYo14p2+sp0E3oKorEdHasXm8uDiUDeZtaP6YawgfBJzZGTo96M3BYDX+Y9r+ao/haW1Hk9YjVvG+9jVVU/AYByOL/j4WPrQTdd9Pr287ow2CxK+fEasDs10u8+Z/RofTb52TH7Gj36njjZuYzZqy/Xhm2Q/T6+/5r08nDmiwBKbUJOmGJ9+3rZrnm3PHLvxwUK75/odOGqe/i464LPwHbryPU3q7Pje027y+ihYBXZdy190MO3Jb6NCV0XClcmgxV7KONZaaRaOY921Q6GCh5RpPvdJFx8HS/hzFux95L9SFAgzgjji22uo9iUflDulGu0obhLm0EpvCoCE4H3at1D9UaxuMKqjfcw7oatHtoMbRK4JYBKuyQX7UhYdSNXEMONgkQ02snPp+shzqSt5SxXbMbWXeRbGxIw/llSIn7Np92CoACHWwr0zOihe/M3s7hSzsNOnQ9r282rB2CHMJ62wbNpvidq9QABb/LRb1ILQ9we4wfMDj768OTLgw5H/x1WZVw0pzplPpeZtRS4K1S0R+8Pnwz3QHG4DtTpZKyXkPtOwT8vzjvGUp66B1fZ3UMf8WW8KgHvWg7M6qP4wl0fyD5beWT2c4QbJ/LArXGlw2GEXZv6KC7KMQvVumVbNakskpBc+uoXRJA/5wg9bSy0MDgl5NQuhfF3kJvqJnVrBG4Nke0zzMBdrOB9VjRBcV73R22X/jA7ZS7sBAHdAuDVjmnx0NL205tpVywdZ+Rf1d8MtZNaH3Y7MDny1p7N8S1lySGZ0wf/GrCZanFpZdaJo1VzNFoqT0oiAlsCw5GDavTJlepiNBTu8Jnlm3a2VM9H1NjeZ62ylNwXQSZkqAIwiOOyuLAjBbbFMxFWyO3y1eOD+c67Rk4TcB2qHGZcM8hSqHi0tmbU2IuO+2qP2xfR7zIrIuLHxaVxzOFF1T+FLuQfGvMZ5qvj5drQXvDEogP5sB9nsCc8sPpZYqEUOWCDhncQNaMSCEAQpABKmy7Vs9Za3Kh4s1U+0s/liRLvz84IYFbpZWMYsGR3rTPzoW2qwwY8Zky077WCt0VS0dMXwdthhMMXXnJRdeyt+OtQgx+e8hmu782myUYMJ4F/jU5IXdSyr2RUVP3IJqwpTi9yI/iRpBYAv/5rKCME1/rSPLcOklkSV/b1bAADr0HqV0wLO0G/vS8Fd8jObYgADE//pGmDcNKnd0zeer3V7D/Ct7bdljXWL4UnJV95h4uoOyi2tNFaqWjq4LXO+X7g/RelA/8vlHNVtDXtCr5rLLBlHTE5WDZ8N527heK30R9x+BLeRLRmMQPBfeVWbjefVHKV+vJDDmI6D6vhV7Q13i7iawPfbInIVTTUZ8rrRUbx3k2M4HFcAcw7/RFyQnZVMLRlh4hOv4mOQf9OyBlKIj0QVAAsuQhWe3xr77ObrkRn1sl3jgLs3pja0xr9uSVYVDS6zmC+//i8LLkU5ACbAov2pjKeCufHBZ07PNswvSw6lKqkcIlV21VxIw2cyPrTWadjJpXY+fXkyQ7HrSzeLmTAnT/umWuLPvFtZMs+s4QrcVHMhhQ8Mrdf+SJ61K2n4DzFKkQKZReXMXoGzjU99E1HeO5ZtuIze2JMyaksswjoUqUIEBDYxfIN9oE2Nq3RKZ0dm1m6+lLO7hjv55+LN4o//kbk4sUK/3KNWLIoA8t/f7OPSrmVTuBCUYlWGBLQE+wCDKL44Xk8+qQVl83bXHp1f7eXMoAqpU05EQOHcL8eP+Dm5qyOkTuBqKeHzpUnwFxFwumlBQRoNygTDYevs5dFcCe26MV5QeiYYDvIdHVR7E6QE9sXwdjijdP3qak6NpxyL5ahA+yfa41RnhpmxNTw3o+bmCKU2ccephfKZvyUymbLR13MdZRjKK6v+iMo/X+P1hx18YV6Iq23tiWL2zqSfI3LwPTyek8Nahbk2hzGD5epQ3W3oj+O9n6+JwsAnraAseGUks0zitDrMvyWueGBOIO6ImQ1L+rstGeDGAMuD4Qo/7iEPAkWoJjBgz7G3anxlQSc4TLDa9VobxRyOYV2MC3Ho6t68salJ7O3SrXUzY3yIw+bxPmpZhqt00IYYxlTDRMe1KyYW/nE16z6aM1QpDuXGc9nz9tTORYi3r1cLmCIX0u79GpnLOIVf6+WMa0GmL3kwnLy0FvP9vpiCcT/LguTwUQyGO55YOGJzLLPb9G5ng9v95hZm127dh3wY9zSCNXZPC5Azgq2YuXPAkjS1s6ObncXte+W/ReYxqZ6hTlcXhLI/MbMJhtv0vNcLNcuZUAqgdpBuLO6MMEDt0aBoeH1hGHZYuJmxA8BsVYsKa8/hWYGI9VX7V+ZLnBfHbo1Vvc3BnxAA8/sU/yc9a+0KfIMFeNK2uAM14TGqH1yOKt6kAgCW1fx9KWqBu7hagza5b0etAqDhqhOZ7x+WnUrn9HBmghQQFDT513jFVVARP04+B2YG4HijiWWs5bN3JavGDjLwfT1bwJegeH2+9O+bn9VfoeWYET26aZyP/OJZkwIAHls0YhPxi1I0KEJBX/kzWa1jrVdbmz+m+cGUlXeXlFf69PpoZr1T+mDV2zPNH8EUWgZa6U9ECmDmNHC2UjygEroebW3gn2bf/YGYOzg8qf2Z2MUR/JxLvYelQRMMvsfqhQWjdXPzKV0cMWDZRRWKFGLJnNnNact4bwBopwpL2vhOjvAIpd4pk2MAAdh5fnrBT2lXxbl2bHArlxZNkGZeHpIAk6Ofp+33Y73G1a398h4RZB/qYo1XCrfuPYr2R9zRKz2dvxnj1UzhnQBO6jhbg6+XureWlYWs+4S5NMcxERsRjpLDAuxgk3i0tMD1H2Ay75bfffDoRIi2iFlYP9arudYCoDAIx4U4Vj6sgu/rvoKzCKsJ/EKrRnoqVZDu49UCUXeZOBnfLZd7LKFmuCB/f6C74ooLv/O1rPsgY7CfHU4UimKHJxf7hpO17NWB4jTFqQPO65x7FTB7mK0An/YtmyIYcfVzj+46mO9xDBgd3KqwpAIjBWjmS2yDQ/zssOPBE8B++gESu+CKY/VML9XmIzq07FjjSqG/AxDRyhIYBkPmXZmTwM7KzNPekkPtdRgBecWVsEDatsSrGMWaq2pIgA2dWVje2NTUw76J4kKllloEId+6C3OpGlNZMcydJWuawPB8B2qAsYQjEjOYFNvNgnKwDEZh7MvNPE1IcH5IyUNfVa62FtRdk9iHb9x5AAGxoQSagj3/ftlDS3MzLEbcKmkT7QANQwFIh98I/zhLgEgBJOoFepzHz8i7mBIwKoCY0jb2JTkJGBVAckNiJEgECRgTY4kgZGMXDUACxh2gAQySkUThJGBUAOFka8TcACSg2w062NcOcQQNgBUjiUYJ1EgA925MoiEtn41jvSaGsQuFMErVKAHDk4BcAYwmkOENrpEjAgkYFYBAWEZQw5OAUQEMb0yNHBFIwKgABMIyghqeBIwKYHhjauSIQAIm51Lv6kw0QIBPXFBTE1Ndoc3iEvQ49Yb0Kg1X+N4OlkzgtwmT8cb4MUrg8ZSA0QR6PMfdyHWtBIwKYJwKj7UEjArwWA+/kXmjAhjnwGMtAaMCPNbDb2T+/82dmKURvuh3AAAAAElFTkSuQmCC', 0, '2026-05-05 02:35:29', '2026-05-08 16:01:10', NULL),
(23, 44, '77 123 45 67', 'Tous', 'Disponible', 4.50, NULL, 12, '2026-05-08 07:00:00', '2026-05-08 07:00:00', NULL),
(24, 45, '76 234 56 78', 'Tous', 'Disponible', 4.75, NULL, 18, '2026-05-08 07:01:00', '2026-05-08 07:01:00', NULL),
(25, 46, '78 345 67 89', 'Autocar,Minibus', 'Disponible', 4.25, 'data:image/png;base64,iVBORw0KGgoAAAANSUhEUgAAAQAAAAEWCAIAAAAGn963AAAAAXNSR0IArs4c6QAAAAlwSFlzAAAOxAAADsQBlSsOGwAARddJREFUeF7tXQlcVUUXFxARRARBBFlE2REBwd3KLffUTE3NJXPNFq20TG35zEorLc3SUtOyTDPL3E0zt9wFFEF2AVlEFkFEkEX4/o8Lz8db79w7977L870fv8LHmTPnnJkzc+bMmXNMqqurGz1mn7KK6qrqassmpo8Z34bALmbrzcIycGJqYmJaN4D4v/x32Z8a4W+PmDVrhH+bMP8GmGnN36zMTU1rvjPZG30n/365DF0tDAMk+we+YX5hfn+ERfZ9bQ81MI08Wlr4t7ZiL+Dc4oqzqUVAwjSv+5HRwHwJ9I1raFX4a+3voIih1qWFhRXhJN4dlbf0SHpCXilDqpW5mXUT0yaNTS0bm+C/Tc1NLcxMKquqK6AfVY2qqhtVNaqGpJyaN5natfVgPzv2DALydnH5sYRChlTmv2bgR4GjxrJ/auO3qbmJTytLok7PpRYVPXhYUv7wfnnVg8qqBxVVZQ+ryx9WVT6EzjcCa+BMTpK5qQlWATBobWHmaG3eurlFe4emEAhRjwC+klmcf7+SmT/y4av756NBrJtRteMom3wmjdzsyHrMKS73+PgyKYWq8Lun+g+qGVCTJ76+Gp5ZzBPjKz2dV45oxx7J6eSiQRuj2cOrhdw5xf+ZAIJJeT27pNvXVx9iIpB/3FpYxC8KI2p3+kbRoA28ePRxsLyyoBNRp24fXcwvqSRqoghsZmLi7dA0Yj5Zp8//FLc/9g63Tv940X+IP8EgJuaWBq+K5NaXYiu5AhCru9q+9WJGkXa6LSKH2+wHy+l3y0orqojkXrd3EjWqByy+dfqwujouF4ySrRGcpQpuyXpq1Ojug4fcBaquJR0FIKapztwibsijQWTGfR6tG2GX59O8AbWFvURELdSGCF4RmLTp3VLKo0BHAaqJNZmzxLg3jM+tNf25oeA+yNz6a4QTiH4+hPNfdlji/CFteveBJBWAlH/+5oFs98RBleTDxzgm6YcaLOnqiI7hPuDffUUlmZnBywQi1IDCUjLadEqDzg4g/Q2gpLwKzhCd4tACQDqzSOH50Ea3bSWhnKr4bAGEpBdJcwcgVGNCpmmAlxGuaqp9KrqWaVCkG4e+pApvqW7iFCDIoOujJt3GaR2C5TRT2gGIBCbbqSl8iOROuqqpUQAKJJOhEN8LxNBHKis+o0k0iKBNqodgUj7IZgIFaNJVjX+XVM45pGTIbzNJGyrCk3qB5DekHDolPecUStMEIuVc/MnBZ5ViuOOPgVRKpJODFL8m+MoqwkMAD9EQrZw7InMPxxXSYpPBQ8cE0osblGh+KMaKcJMgj1Hm1qHePAuku6UIkknJL3tuS+y03xINZQfgOCW4N6PiHyTqXoRpQUQPe2DSMwB7zGogdS1jF28Wv/x7UthXkYfjC3h1pKExpR2AaCcTgg9dOBFax/OjBy+QnqRaSegv5mPQamIRbusfL95+cm1Un3VRW8NzENjHc/g0Nec9LwSiiwVaoulhZsZ3RebbngVHEgERbLKx2gDic0oX7kvxXn75lT+T+Ydp6hQpHQUgmougic+aoZMltQDm4i/g3AhVaEUqVd4d1iIgPgTT6BgReLuv5Q/fdL3Tl5Frz9wqoB3zo3EHQMg7f/p1GXL8e+CLoXFjvis46SmCgpLrSaykOwDhvVm9ocTkyyoq//RoeocV4RO3xR9LKuQ70oTt6ewAhJ3CpUijX5L5gccfpEQ+tvAPCd2geHbDWVaf/ZsR8Fn4x8fSM4rKOSPh05DGRJRFdVPYRviwwaYtHmSxAdMEI74NxUGmFLYd8ptgPgoQcxvP1zgwymck67WlowCk5FAZJ9JO8dyRtAkfeP67HB/Tgg/lpPcAJTx2AD508mkrtx7oKACJMcKHbGXzkQgX3uASwSsB82rMp2PR21YQRhzjhbfoNFLrkI4CUCNHSETm/HYA8SWlL8uAyAuUX1JRQDs+R8hZoIybzrCSDpVeVlOeO4CYo8L0pa9oUKIHLlczeT00FV+qSj3SUQC9sEFqd/F2BJGprV7OOVQGgugMcDBWkAgFKoywQUJHAUjnol4mR20mJDZSUQejF5q5EsurHftw6LySil8jcnl1RrtxiHOzkQEt2WPVjwKwp48iJL8zcL3cYxSpkiAq9jvAW3+lUA/P5CAQpDPq69ni62fb31jc+ey84CUD3NkjoaMA7PtjIMmMCQ3YSQ8e8ix3pNRyg+fPI+m+yo1O1VZsFAC3xW/svrErKo9Wp9zweNo3XTrIPW5R2IGZHWZ0d3KyaSI7O5HgoqMADeMijP+UJJGsXmD5PM6SE6z9EFxeWb3zSm7fdVEbLmTrhUd02rSx6fgQh0MzAq+9Hfp2X1eXmnnP7UNHAbj1LXIrnpNDng5VZLLF765Cw9VsemH50r9v+q64PHVHYngG33Sa3PjysLNYNrht/Lthm8f79PayUYuEaOekowBEXcpMIBqLMWmnPM8ApAPGn0eJ3ARDzkfjC8b9FBfwefhnxzNu6+naa4C37e9T/KPfCZvfx6WVtbmW4SCaGHQUgHRy6AWeZyyQ+DTry7CUnwFwybXmVGbIyoiRW2L3xd4huh+gJS5k8J7VzSnirZA90wOGBdhRX8XoKADRsYPWIZhUxDyXZDqSIiVaH/BQgMvpsoeIvsvDFx1MS8x/oA8qGiEjN6ydxEWhq0e193MkSL4vS2vP+kNnWIk2Hda06QAkXSBF9gLxZ5ODCUTDtGy0+lTWU9/KHiLqK8otzNX6x/He0QtDYe3YWWmzdjifAfSdGIvKQBFOMX6hQMSuWwoskm6shALRBF5URhgNR6lfuPNxh3VkduDp14KeD2nF+eaeSGyUdgAy3ysdgZFuO3x3AAozmg7jhocFbs0ZXVvD0N8+xe+Jdup9OwJxbaqPqSsQLzrQmvFTdlSeEpluopVMZNpodedgZb64nyvcml8/5+lNWA9KEw1EKyO/SVFHAlGXNYdgOv0SDQPfHYCoM0quXsI+ZdXWGsqnfcumq4a3i3s37L2B7trdmqQcES0cepiIpPxoVHRCRDwnB08nEiGxMnAUtOPQSvpNnvCw2T7JN+rt0Dm9nEnLHFLnjo4CkA6U+JMJghN5B6A+VA0dIe5hng92OPlK0JGXA0cG2vNcj7RIg2jdoKMADX1sjPQLKgHbpo3ffKpNzNthP07w6eJuLWhfQE60HNNRACKdk50BaJiqpJ3ylDtpVgj+LHK4B+DJI/Xmvq0svxrRLmFx50+GerjbcQ9Zo06YHCElBRCOQMlgJk2MJT7hWBH0mmHkEcfw6A/zs9s3LSByfqfZPZ05FN/mIz2ilZGOAvAht6G0Fc5m5S8BvMz66mRmxy8isu/pJ72UnAW7po3nPdnm6oLQ36f69/ex5c8aBwx6CIXA+20iQvmbBzWmHlmnRBTyB+Zv5rExgc6nFc34LdHn0/Alh9Ju3NFP0A4jqyCnZmtHtY9f3Hn5MI/29hb8BcgZA9FkNO4AbOVMRWnZdlYLp1HDkT1884XbPddc7bc++tfIXOGyh+skuImZKXw7iF84/0bw9G5OIls7OsnTCUBHAUiXYv6ro07GqANIhObY2yXz96R4fXr5td3JV27pMyUJojU/HOgevygUvh2R4xe0Dy6b2Ug5Mxz12cYGIdFOxwYhXRj+t92KJhCyh/8ZlTd0Q0zYV1fWn7ul36foeJuyY5JvzMKwhf1cW1tLzrdDNDEo7QBslE5hfunDnKA7vXVj41+VjOkjo7B82ZGbfsvDJ/2acOLGXd0dCwaBuB2486MWdMLblBGB9vyL7ghGKQFiOgpA0OFjA8oz+hpywqo/YWuc/+fhy//NuKVX90539+abnvdKXCRz53s5WEp8DIlWYzoKQNQlLfER7XToVGQ/Jv8dAE8Q91zXz0NEZoxsLMxmdmt9fm7Iv690fCHU0cK8YezcRBODkgIQ9UnpJpiWIrHBg5sdNmCKMA0uFaki8R1aW9Xc4IatGeUZ1IbgOSKplASBJ1mP6SiAIGxICinx/G/UmOf7A32wj4cpL3Rq9c/LgZfeDMENro1FY31QIWqfdBSAcAOgwyGJnvPt0ZL8xMdh0+BLJY/2iM5n8u1sGufd00PUN1k8qFbflGhi0FEA6jxIDaGVObGg+J8BRBACtHSIr93uqf5IsaYz344I9FDpgmg5NiWC1kQfkc4BCblFTUEy5FbMo06bkisABYqFRAGf5vzeLtfeCf3jJf9BfnZ6GREh+WOLm3hhY4tYeDgqqsuSzOZNzFhCysGKH+gnt4JOOru6WW8Y4xW/KGzZkLbINKgTvsEB6CEYTsy5qJfxaGZBvFJk3S3TC6maOkXQDg64p14NOvFq0KTOjpYGt6fJGSeajcTjSmVQpR9br8RmM/Id4GSyPm9tFelH8uT3B7ghaAcH3M5ugj/IojJDhEZCOTEW6RmACntihkOzPwQje/iuq3mDv4/+/EQmFTb5IMENLlKsxbwTtqi/mwSDdviwpqUt0WykswOQlnNrcEcuNhUmkT1cFrTzWfiU7QmnUooEGl02aOHbGRVo/++cQNzgIsVak8Z8zv9sOpQWDJEJZNJj9RX+UbV4/4YXQOzFkJBbGrIqkj28Wsj1oz1f7NKaPRKEUnIOJnu2Q8tfJ/up7Qvi/iehANH5++MK9JI/WZEq5FKeEtbqlSecOUTslFVU37hTmnKnDKeXnHsVeGVWXPbwfnlVVU1UKnI6IIWJdRMzh2bmSOPjZGPRrqVFe/umes9rojoo/yQUjth8XfvE2DnF/5kAO8DQUYChfna7SBQgMbc0mLcCrHvOc2pXkRRALYPIHv7L5RxMfX3lT1YcY8dm5i/3dJrRwwn+TZaLAoLtUOT0bEpRRGZxVNZ9cMFBgeFHCnZuFuzSrEfbFl3drS2b0LEpWLKgFoxIAfRPLh9WRWt7p6RSsS8pZA+X09OuZVPE7cQuDHu3vxub2Z9TXP7DhWzEmbotvYgs0O8eTN15NS8ut5TD7AcNqQVliNj76Gj6kE3RzksvYptddSIz+laJaEOj2hGRQU5HAYisLj2KhnPXaQUyn2ZpedXWSzlPro3Sb/ZwOReBTlabx3njBTridnQuvaUVVb9G5DyzKcbz0/DXd9/ArKWeBbr8YRWMzPcPp3VdcyVkZSTqKeH9GmeZc26oh0MwKa1UDsFEfJJSqASPcPzX/0z2Wn755T+SwjP1Ux5LkSRkF/zjRf+Lb4SM79RKZ5jSzYLyd/enen1yecbOpH+T7nJb6UkFmJBXinpKeL/Wb921LRdvY+0gxSAOPKUdQBxi9drLDxdvF5TWM4TEJ4fJoH98jiy74BB/2RlO+wfOhmk7Ejp8Ef71f1kFD/RD/Pmb9179M9n/s3C4yGB96SKZwt+J7BE6CkBKtV7cclS2HVJOacEjUHlal9aX3gxGBv1ubXVfZt0qKkeNIyzAO67kibPka+c0534F3rUFfBa55GBqrsBl9ohMAzoKQHTsoDUniBQdncKFR6trMfG0tjZ/r78bApW/Ge3JplQWfDtfnsgMXhmJGkdSmPqKsiqpePjVqawOn0d89m+GcEYR0cSgpACEM8KENNEmIX614BzieWh0yx1HJ5dmiFqLW9h58QA3lhn0IzKKcUZ/73BacblEQ/EgDtC29MhN+MFxZc5dOpRa0lEASsQIi6ahvG9qYmYyJsgBz7LOvB6MqDWWL3ErqxotP5bee921KL0mC2I/hBl3y3BlPmrzdThS2bdiA6kXE4gNYZRhSGOBpL8D4DJrUT/X6wvDtr7gQ/QsK6uofMj30cuOpkvN5tE55H8nFHb96gouE3VCsgdgYwLpOTGWXg7BZZVESwN7gVOAZKydhEWd3x/o3saGLNXUfylFvb6+eiZNn9FHfEQAiwhZ7sb8GCv04VgtkXRMIOnOLAWmcdvPZ5yEaKtk7XCIWtsekfvMpuu3BfarCMG7Es6DcQW91kadS6WgxkSz0VQv9xNUzsBsdjpGylhaVhxL/4+GcGlNBc7WjiIBK49nTN+ZiPtXWlTpFw9OBUM2xmw4d4snGewnBjqitAMQKR1P/kian00twk2Q9/JwBKuQtBMQlo+1o0jWR3/f/ODvmwISqg/U5Q+r39iT8uZfN3Cm5/ypriZoTEcBSGkV+gxQXF616Xx299VXn/4uGjdBUlgjYe0gjThi9BnfDgdrR1HInx5NX3E8g1TsDQX++/PZo7dcxyCKQDAdBSB1yFBhTO2uU5s9/JNLc/+6EZUtCaNfbu0gjXj3thRS7mw8n/3xMalsaFSGUhXJ0cTCZzZG400CB/xE5gglBSDqkwNPupooZQ+nHueoq3/1f6dl7ShiP5ZQ+NbeFG70NKxWF9OLB30XfZs8fEgPZwBSyVJ8FJ9ZVP7J0XRfCWQPlwuBrrWjKNuUfNnlUYNz9pNODzl8bE7pkO9jOOgA+x4p7QDsO6QHGZ5ejFcdfivCPzmWrvficAxb1K0dRWnhXDj9twS9R6TSG0BWmPBS55kN14muCIjMEToKwIoVBSAqgZkI9tJv9nBFroWwdpSk+vm/6QgtJhW1AcDH5JTgmozgTExiA1FSACKlM4AxqWNBOGtHSUiI7F8pgTwr+hq6SxnFk36JQ8oZ6gRQUgBCunQ+YiLEpwdwQa0dVX7e3puix1KQepCvSpdHEgrn773BhhI2WiK/K6CjAKTvARp0Xj4RrB2lYT6RVAi3IJuxN2wYPMr77qzue2ISC4jWTTCh4JtZNLy3KaJZO6qy/OSowd55EU6cRm/vTz2ZpCNeiM0OIO+Xzg5Ayoa5qUkDep/FWDvIO0LrJotIXIgPa7iRnkScsgGGC3jqjng8+GQDzAaGjgIoVrRl0ytgbC0bQPmdMFdrVEdkopSdCaOUWcpBJ9im8zRj5XV2J30AhL6+tD1BS7CQHkwgDlKzlHDCSrm1c/q1IFRH5Bm3w0E48iZFZZV7YvL5YDDItnE5pQWaoySIAnPo7AAcpFxQKsVHq3iBrkdrR1WMh65joMWICeMwgvpqgkIHyPPO8pG0TiLFVgC4cndE5g78jmOck05+OAMw1k78u/q0dlSJPxBbwJkjg2yIzXnLeO+nfWy1cKcHE4hNl3j7/OHhNN8Vl6f9liidtynSsXbUjugpyVTZkII6Iff19kl+ozraayeGyAtk0m31Ff55BHq1tTk6J1AtWTgf/x2H7OHZhxMKJRXFBWtnWtfWM7o76et0q3NKxeeUdvqSbxJ5nb2oBcC6ENLGGrlHIZzGZibllVW371Uk55VevVVSqKcMc87Nm+yc4hfGosINnonioZx2xndM8h0RKFMkk25fXeEfN9+zbfN/5nRU6hIBTFuRPfzi7ZQ7D7gNg0CtYO3M6ek0JkjqlSOQNgexnwIJQRNaFAx+s3ebsSEOarPIYKu/mlV8NKFwd1Q+/7IS7FlDYb9tk/1Q64lNEyIFoHMGUHKDnk8rmvFbou+KcCQKls7sl7i1ozq04qdWfvOpNhFvdZreDeUv1DupEcUY4mL9dl/Xs/OCL8wLmd3dCWYJm0nJB+alLo5HZndkOfvRkd68QLUPEddc7bc++tfIXOnErsDaWdLfTV83WZzH/ibtjFHaKVkzsv0nQz3Y+3w7Olt99Wx71N5b3M/VRpirfWRE/WaU57ejvdhTJVMAkkMAnR0A9SPm70nx+fSy7CGilDKTyX07Swa4SdbW1zQvke6Ks/KQNnytl/PMHk6krQBvb2X+3kB3FJp/ubsTyihxwKCpCWrPID3etG4ERYDY9065SiSSwa8/d0tfxyNVthuctaN25ER72Olq0+R/g9qynz2qkPDKf/ls+7OvBwc5NeODR94WNanOvB4U6qo7D7Zqd3rYAajwTAVJA7V21PJeIlaCWxSYoVLrDkbRqdeC5vRw5jmUC/u6/v6ivx3rYmdK3ZFYQJSiQXkyTKV5g7Z21ErAtBFNi0KLkEd1dKAyBEACY33VyHaoX4hNmANOGP0obPzhIHcqbwbZEEDnDMCmJ4FgDMPaUSscM05ziFTOiHVtb29B2ko7PKp37nrRn/RkjN378KxAFDbmSczjYgIZkrWjdsjtmgruYUS/pLl4Wc5ORCscmtkBY8QSHoeHk68Go9AqS3gtYERuUDoXYfyJJsLQxdV6tpA3WbjWSMkvTcx7kJL/4GZhWf79ClzqoWT0/YqHyLqH3dmisWlTc1M7y8b2Vo2dWzRxt7XwdGjq28rKzopmjPekX+L/jBY8FBSmI4JeieTPHvhGftmozTE66ygP92/5wwQfa0o1hn+8ePuVP5O1E7l9ku9IijfB7CXCBxJhgM91bDmrhxOV/GpKlCDw+HTyvTMpd1EDOCLzPor5cCDVtQWqRluFulk/4YGq0c1Z1rbQ1NGiA6lrTmdxIIOoCcoMx7wTStSECBhrx4Sf486macxngSPvBwNpGv0GqAB4hvtCp1awDmkFwcqHMLuofE90/v7rBadT7iIzK9HQage2Mjd9sp3NYD+7ZwLt2d9iKuLceC573h5Wz8D5kA3n/e3/daPiBdJERllFNd6zb76k/LIHh4T1Y7x0BreRcoeqrKhLaQg7ABaniZ1ajQlx8GllSSoF7fBIpbg/5g6Win+Txaibi1ipscEOYATXRuwZOZNSNOD7aPbwnCH/esl/oK/uoquc8TMNf7+S9/a+FJSLZP6JRe3H8T7etEcWmFFvBhU3GrACYE0aEdByZvfWfbxseQpdtTlMnY3nbq87cwu1r6kj144QPr7nOtrP6uHM8qiH0BLnDy88JHJqcGJpUmirDc97c2pK1gjC//5s9t6YO0P97eb3diUKcGDfUwNWACZE+aWuTq62rOL+2AsFkJhP3/6X9fUpvZWMllPb3b35m71dh3fQvej2XHNVhKBLaObVBaFuAsicaIBoAf9wIfv13TpMR/khWCr3AE942OAGhHmQRX32Yw3deimn4+fhqM6pr4LpiqOLDIfjfo5F+YJ9MToefD3RnkI6dZ0TC2GL07YnlBrK20uiLVPPCoDkKLO6OV2cF3LkZdkNiBB7YvStkj7fRr38R5LUCmnhGQbUoN+6a4ge1zRHBwlvmjNdI/PKCz/H4bSqU1ukD8CGBz1XiYQQfVtZrhreLmlJ2OpR7QOdrYQQK9z5KA32xDdRyCwpBH4qOLEbIHp81s5EtQmQn2zfgvQ+lTNVqFg6ast1mOmcMTTEhmLvADjg4tZj37SAyPmd5vRyFq54dUZh+eDvo1EaTAr1kXTOjF8icsO+vLItPEcJElviyA46nsDqRM4e4MSNuwPXx6DkAvsmUoRkswXU0Y0qkSTgPNh1sDKf39sl+u3Q317066/1VT+PTmqbIpnmE2uvSufpPRuOUA5o5u9JqJyulPZsXCdqkWpsyIBh1uebqCuZ0t0zdXJBFAohxg4Aj+93o73iF4UtG9K2rR3luCtVceD+aPjmWLm/Wae8JAUAO6THmqtH4h8djvt62XraNxWTSOwAA7+P+eua4FEYYjKlqS8BFQCRC+NDausiTuniyD4jdEFJ5drTWVN+5fIefPGBVNyeSir9BOkwQ3VH/xgHCTANEXo0Q5hXUVoIQ/X2F7bFL/37JpFHhZRTgeCJaBZEAeriNEM3jyerixiTXTL3z2S8pl94IDUpt5RIQEgWOXtn0mrhg2eIqOIGjMsvSGDNqUym+UvdWts2pRlmx5Kqz45njP0ptrC0gR2LiWx6ygqAOE0mvxrRG1zMXQTkDN0Q02X1lU0XURNNFohWSaLI8N9N/iXu5wjlQyTLkZYm2HuHbiIaArTBVYB7cb0QeTCuoM+318TPT8GHWZKJQ+lFGHw7TBXok4TZZOH7++J4RofPwif8Eg8XhCLb7Mt9Y/aP3RqLemF8pCbBttgHlh2prQX/+lNtRPOHKokCD777rrum885OggJkQxLfHcCuaWP4dmLfIc6dDz/DK7uSYO18+PfN9LtlqrSy3AGQbHTitrh/DLSAypnUe8zlFHxoc59ow2ZEhYDB83zc2b1/KE1LUnIh+uWGUyQTyMfB8qsR7eIXd4Zvh33wAubrziu5T6+/1nNt1I+Xc7TkDqpiUXQA4/HSjgRs09wk1bBaze3tgvcGeqR51clMVG9HALkeaWDTNVHBLi47AIJ7f5vsj5ssZBNg/4oHpv3yY+kdPg+fuiNRy/MIOYeIWNbJ7Vt/Je8W/s2UTjKEA+jl8ehVDUT98RB34fpig/lUSlGvtVH/1ZxMDONDoABmJrJLXOQqQhpQRDKyf7d/8WbxtB0Jvssjlh1NZ3/L+FBXWvz1Z27hxGwYw6CWC5yskB9B8U8Il3ra21a/LCOMfMjGmK9O1nqo9EuM2t7ZHILJEmNhJBAyfunNYFzi9vRgG58Ia+fXiJze30T1WRe140oeaUhClVY+LqQVLzqYKkHpUyTpyxHteqhI++vnPPVeXg3XLEsOpU3YGocbG4r80kKl23JQ6EnHDoCkI1M7O155KwQPJvwc2YasIQ4Hdyg+yy/P2JnEORCtUrMJhMj+6b8l0H3BSEv6VPAgQH/jWK+Z3dXkKkTCwE+H8sriRoVCIIHbrdfaq5duNuCgCXChQwFWj2y/boyXpwPbF4mwDnGD6/95OO5QeAYjaNkAPjiUekNiKddpzSrgQaJCpMeZGOaoCSdqGgwRK0xaO18oejLg+2vyCzuKQuCDio0JJMevQwGQ/IMNKaXlVXiHhhceA7+P3hWVRyUSQdMhOCqrZOMFgzX9n2pnc3pukM43k9+N9dKvR0g+K7APLzqY9vxPcfmaq9axmUIUYUQNhksrKIN72GfFZTxD5l9oQ1EKmrTow8OpVBSMosSpoIKP4e0+LvtnBra21v0cFNkxtr7gjWgrKl3zR7I/9k6vr6O0vOzh3wV7DEQ7gEmXryKjs0s0Yd88znt8J/Wp6o4nFn53NvtgfIFA0xGVF/KWdVMiLDy9+Mlvo9jLgiIkjkMBjlbBLs08WjZFTKujtTm2R0xBXGXcL3uICkIZd8tQvjMq6z6uTkn7RX7CDc97kaZmYPP4lZQSPvBwlnwwwG1BH1f2HkI+3Wlqu/pk5uJDadoxb5voy6Rj4a4AtkvOCXoMxUHwzsfdldiYviNx+5VcIaSmCScsjdFB9gN9bHt6tGCZ6Ao3HqeSig7E3jkcV8AmxXkfzxYbx3lzyx301p4b353LFlMgOvvq72W78XkvJ3bljHRi4wAAFy2cVCwVQCp7qCq5qmcAWJliXnv182qxd1pA/Lthy4d59PW2ZTn7wQhsGNTY+nGCT9KSLsiTjNyDmgYDSr58aNsDMzpwm/1Au3JE+1E1Kf6k8zmWVNjj66tHFZ40iEwbkQnERwG45L9mLwtVy+pADFI66LoeY9+BZki8V8ajzf0zOiDDK5/dHHe3yJOMzJtHZwcOULnAQiKMc3OD5z3lwqcL1GTZMt5nsDScQnKJIv/AyC2xSw6m4i6IxoAIiMOUSF0EJEQdaiXa9sWI8UZpWpfWqHRC99Fmr3Y2e6YHHHs5EJMejOKFF3LAIBGGryNb/7IWyePdMKrnoqSKyKOjs7uvTmUN+O4aiqvqhKQLQKRzfHYAumSrwaYYEIql/7TwISifDfP4ZrSnJaU0xUos4VoXk/76wrCoBaH8s+ArIod5tn2K3wTemfWpjyiuQRE79MtlUd9pCB4MR11MmhBWKmSrvZpZzOZAyYe2FUM9Xn9S8JBjXOXysXk0MWhuavLDeG84UvlIQIi2GLVZu5Kmbk8Q7WWZ4ewAitmar2bdF2J45DgR8TH3KcFnv6AsAPnSwW23jPMWoXYvKSM7r+bhsf/ZVMmEkdaZ15I2gaoUXoXhuTCp0NnDY1X+fER79vBShhzXqdW/czoisbbUiEwrLBu0IQZBYmwC3fkQT3SslbQCPFTYAgStOL9scFv2Dxv4jI04bYPaoFpjR4nECymyDM8egsSeXnctkTDjAZHcDMcEUvR5pheqeTZJJBdNwHja9lyQqMmnqJCtHQkKEfzxkj/O9NIJl5ATjJNxj6+jvj97SwQ56OxC0juAYtY6xBroZIYbwOTOjkKcSrkRQ7cVzvQnXgmEhtNFyx8bKlC9uTdlxA/X2T+QYt+p4XiBFB+FCZe0FcUa2Au3wUGGuFifnRv8ak9nBNtJjXikMui++spu2inoDMgEqitUh9T1AsUdIauFf2u2D32kNoFY0oP6X1+MaHd4VgdvcVMssiEvv6Ry4rb41/5ILikX445flSRJm0DyaIiKKqGk491Kct4SNvOGAwxuo8/PC3m9lxS3AtTPQzJjWo4+kbxAiEIR+iOrylvzEWz+N2rVjKBqndD8Co0fN9yfDZdtBRI8FcTllvb+9hoK+VAQAokNJPEdgII0tKMwNxNejwVngqwDbAUIwpPgVoCTMQr5wBziGUJHMv91vQkmEy1taHliCMvGZrRx1+K7VyaUcSUQwVTQMlvBPy937CC98w/MoWc2xaitl0OFdyUkDWMHQLAXXhsJwb9w1wtCUEsXZ7e21mdeD/5woDueJdDFzBMbKps8+U0U54y8hukGtbcUJD948p0HSLLCc8AabnOEUi/s53phXnCf9i0kxcXNwrKn10efSuYSO2Q4JlClwuG3pZUgCgBH05n6WaklNQ/EIQbl2g/O6oAqPvbCCJkbF3j99OyW6wIVqiHLDMeNAf6tFKNB27TQnSuBW4/UL2K4kaH3VqjiE/FWJxT10TslcgLwAHDy9oQ/o/KISBLJDUpEEzfghwo7gJutUImRd0XlF0gmpw03QdFqhWwrKOqze6q/u2DSJiUVW/SLOxJ3k+iA4ZhAijuAcIXi4H1bfaq2IBfp8Bgk/CA/u4tvBr/c3Uki0RPQgek7k06zPg8YziFY8f7L17GZcLNt7X+3EoQM0BWOcoEwoyjTl8+2/3t2B+QHEKgLIrSwhcb/HMfZL6SlL2n5v5QIVTSBEONOJDIiYMh35m+JPO9fiHpsEMDIBI5AunlPtpHCVoAz8YSf49nERBqOCaSYIBrJ2FB8Urh5gyD12b8nEp2fOBCDw8b2iNzP/82Qfp0VhjsUt0VaJGwFUoieQMq9Wb8l6RQ70SBKeweor8s92jbXyTwfgN+u5s3amSjQgz3M+Lf+uuH5afj0nYn/O3Iz4POIDw6lIakwH4JFa4utANETs7qpSdcuGg1MR3uv3/mO6ksaaStA/enR21Pwy5ptkbnDNsSgvgHFcUUs98rjGUErI787ny1P7IVfVp7MRFlYVPqg2JdwqBA9sXpU+9+n+CONqXC9sMGM6rEp+dqeBxqOCaR4BoBokKeNjYB4wuAevuvqK+vO3OJ/JECBx03ns4O/iPjg75tM8WOlD6ocDNpwDX3xpFm05sMC7M7PC9ZvmSZ47d7ed0MLywZrAqFOhzjBW4UPKhfsSwn8ImLViUwOuwGeMp9LLXpnX4rvistz/7qRobWsIh76oC/kuGVRE1C0ea6tI2S93TMtYEl/Nz2ejFEX9J+EQk1UEtUHMGsz6OXc+xqf244MtA90Vu9//OzfDC1VjKiMFdK+BjjVc/7cKak4eYNLfAgHepDR6XjS3bX/ZeE2/np2CbKfI0TxbulDJHgqLqsqqaxifr9VVJ5ypwxpi04k3UVxkDWnshbsvYESHhfTi+9XsDXxL2cUI1HC8A72woT8ceBeWxM8rnzKs0UXN+t/Eu6WsOaRLhEJOaXTurVWi/PfxMLzafe0d/dcR3vmJaBJ5y8jY25zqQ/Q8r3zQqeqRQJNpRSCMP6CVkaghDpdaUoE29gghx/G+0gsNFObbFAeZdxPcXQLo7Afiz+n+g9WlxF18YHU1ad13Gz+PMFndLAs6EPSh2DVHaadvUVfL8GPwuzHgC7k71F507bHi5IAmw7h8E3/80rHZ/xb0kFHiGWthllOtDpKWgHUlgqe09OZUFANCXzXtfxXd+l2dUuHJSQU2zHFb3pX9daIoHQeT76bxDv1tMQVQI0yD/G3E+coLOjgaUH+c0TOogOp+uqdQ784t6x9znN+bz3k5d0RoaZcEJGBLG0F0MDK4qfdOIxTA2qy5nTWlyekW4pdrSSXDWn7bl9XkYX8h7qcQiIFw4ngr9CUDALlzbq6CXsrLPJAqnb33uE0BE3onQwiAj4Y5D73CVEzbMfnlvK0ghrkDoBR+WJ4Oz36oYmmBWfgOX8ko/A45+Z6abjiGY/na7wron3gqlbqy5AOwRp56eJurZeDl2jjio7KH1ZN3haPmpNidsq/r/VjvDq1ETB2XYnCsyprhOGcAbRftH08zEOCWfD5TyBFDKg2N+9Pbdf+dLujgg0BpL9M9LOxECqTjRKRkZnKlVMMaQfQNiJwwKFAIupXUxk2ySJB/OOZhmYI4bpmxTAPcUSKGGk+eT1MGxHpizg81fWi88a3q7v1yuHtxCVKD73tjRajPCZdxlAftqfA4etygpNy64UyGI4JpFoqWHWQZnR3mtPDkK/GwHJDiZNTGp1Ph4m0NqXeqRcdTRQMJ2kvEMucuMjyNzJAP7fxdFdNtdiszE01RX2J0DufLrA/9/ey5YOBZVvEI7KEVAWTtALoNIEYfhA9tnWSr0HqgG3Txjsm+zXcCgYzuosRIpGnFM7MwqpvIImxWO/9qJL70wu+Ywyr1NcAb9uzeH0iyjMgziuo9oaDfVtaNxHcHVRQWqlIBov5/whc0jsAUVwk0lxufcFHgpWiOcwtF5smKPe7Z3oA6rdyaC6dJshqLPRLbjCLR6f1FIBEAyStACxNIEXmUSl641gvEVYdgSYZEjVDhyMXhKLcr0BdiIxW6UmTEL2XEa2U9SngowCCO+DZeIFUBToxzBFVcoOcxLuMpDWoyMsZOb8TdNiQihaLn3DXcLxAat8DsJltfo5WJ18NWtTPVYJVctXSj6LW/70WhLyceGLChsEGBCNQdUNFCZjWL4BpOPcA8goxHMYb1uf7A93PzQ3qI3wyFQ7kMU0Qz/dsh5ZnXw9CUetQV2vOeKTc8Eb+A6HJQ/AF5y64t+TcJfuG3EwgRfxwIB6c2WHPS/5hLtKaXijPipSDVxeE/jrZD6V82cukYUFiMT6VrBytSZ0FXJXUOwSTdCBtBSDazDSzPcDX7vTrQcj6Lc69jBb5Y8nv69ni+zFe8Ys7I+Vge3tDM3iUeD8QW6A9KwzJXNUIa1e/rgfRrJG0AlSqySXFXWLI+r1vRsDlN0Kw9Do3F6rchlr6MO+f8LBZPrTt9YVhB2Z2mNzZ0ZCOuZqGBN7JDw6lch8w1i1b8xhNSSsABzeoTqHBK4elN3Fx5/3TAxBE1L6lgIWynZo3gWMH633ykrAjLwfOe8rFzVZUxdMpDUEB5u1ORvVfQbtgkCuV8zAkLxDJlQaJpPGes5+37aqR7aLfCb0yv9O65zyndnb0a2XJsxallblZF1drlJZAva2It0JuLOkMxw7Weyz4JNQ1eFj45ef+mfyLWE86veoXMSAygUw6r4qMyeGSGMvh/QvI0ijoWCG0AZe7gnahhBy7dmLug/icElQpRD7nrKLygpLKu2WVxQ8ellbWaiMeIFhbmLVoatbcwszZpgl+kC0QOwmGAUtRfY+cmLRLpa/0wnIkmj8h/NmXYRgvb7KXdlNkfs6upJ8u66g4v3WCz5iap5uSVoDnAu1/meQrlYE10qFLAniY8s3pzJUnsoReGRUJQYFXlLgkVYCfxvuMrSkHKO0zAOtgOF1DY/y7sBJAgan3D6X5fnr5o6PpYs5+cIWgayXeiEwg7gogQloUoZPvCjspDB070scjCfanR9NR1T1kVeSqk5moYiQ+06pVI4gUwCR0VURsjsaj+uZx3uM1RGU5fnBBbc57iiLo6mb94UB3tQhNTUw5aKCJaSMOrdAE3aklw6apKcIutLOcnFd694GAhyVsk0LvlJhS5ZVVGO7b98pv3StPyX+AhMox2aXIW0FxuDmgQtRj+vtdceuv2Hb2ziRk19OOTW4CSVoBOEhE5Cb9vFrsn1HPAFUlAPmT98XeEZmwx6S70R3tf56ofEpEnSudDqiGcQaQ/iiy2W2NfiHhxnG0uidQbAZFThL3M4BwXDUgzELdUzQgEeiPVARaD1WXmZ1oUIwKIPgACv5sQnAOJNrB5DBHPAPkSZxRAfgJkMVqYzSB+IlYfWvc2c/srj4djtEEEkLg6nESZeIWj6zHoKcxHe2Rf04to4YTCyT9cWSxATQyMW4BtAcSy/+7/enUiDCaQLQHx4hPeAm8GObo62ipqR+jCST8CNT1wOYGiu8xTTxuGkZPiH77YJC25Z/Ntiw3k4w7gOCjbrSA6Ip46SB37eHlxh2ArsC1YSOStXhkGW5PeFg3i2ouZOMOIPhkMZpAtESMTKkbx3nr3FHZmEBykowKwGt0WHncdI4YLxIeo8bfjvZklTeJZF82KgCvCcTmEMyrA2PjOgks6O2C6qDU5WFUAOoiVUZoNIH4i3hUoD0yRrLEYzSBWApKJDCjBcRT0Hj0uHmcD3sxklhA0n4SyVNwIjQ3mkBCC7lXW5udU/2VnrxQ7NRoAvEUpu791mgCcRYxsujtnh5AmkRM95AoEGRKtF9w5sTY0CgBUgmMC3bY/RLx7EcvRBGKxh2AdFzqwbNZPtgbr7xIMaDGiHX7aJD7lgk+3ML92QyK8R6Aznxh8ybcpJHRCCKQNspDHZjeYUFfV4I2PEC57wAc0ivwoNPY9LGQAKL8z70R/JSnDR9u2ZwB5LsEdwXgQ6LhtGUhbKMJxGa4UQ7w9yn+Wyf6OliZs4GnBWNUAF6SrGqkWwOMBpB2EaNWyLLBbSPfCh0WYMdrMOoamyN7K+uPUQFYi0otoO75zw+/QbdubW3+wQC3mIWh8/u4UPT0ExWGMyqA4FPMaAKpivipdjY/PO8d/25nvGy0tWxMdwwsSFJFGBWAl/CJPG68emr4jeHcRDT/J0Paxrwddnh24ITQVty8nDolgeT1OmGMblD2ItIGaXSDapcjauQM8LZF6e+dU/zT3++CMjlv9nbRlM2BzpA0aoRnA+xRmXRaGaGljo2W5Lhv7L7xoLKqJnHsozOH6j8VcyLU/LWWNuS2VXSkAon2fyqea2py3GrrVBMq1V4U7RMdNKjrFGUyUIFPu7jf3Z/6V3Q+QxK6YE5oEAu+Qe0w5pIAv+Cfcr4AwzDIyFMuVXyn8H3tnxi0tfhrpMoglzdXxSNHKAdWbC5H+Aht3SgyFCo2l1Mob9WsiVkra3NnGwt3uybUzRs2M/vb/7Le3p+qHXLLOO9xNVmfuSsAG1KMMEYJiC+Bny/nzN6VxFIBjGcA8QfI2KOwEmhidIMKK2AjdmlL4F4ZQTUG4w4g7cE0UkcugcvpxewbGRWAvayMkA1AAn9G5W2LzNVJqPwCU8chGDHZIwLtXVpYyKqCNjUzNzXBPXNjM9Oq6qqqGhcgYq9RFBYRAfgnfql8WC37UzV+r0b5nJrqPVUygJpf5O+n8Es1Gw+iOj4YVDo55AxQg1+oC16hyxkJj//RIHKWsJaGmE6kj+ww0x5UVBWUVqbdKTuTUqSl5q9iv3L3pg4FEIJJI06jBPQuAbkCGE0gvY+FkQB9SsBUqM1en0wZ+zZKgK0EjDsAW0kZ4QxSAkYFMMhhNTLFVgJGBWArKSOcQUrAqAAGOaxGpthKwKgAbCVlhDNICZiErIyIzy3VwtvzwQ7TuzoZJPNGpgxSApVVVcN+uK6dtUcXYToV4K2nXD4eyjYxr0EK1MhUw5JARVV1i8XnWCqA0QRqWINrpJayBIwKQFmgRnQNQgLGxFgNYpiMRAouAeMOILiIjR1IWQJGBZDy6BhpE1wCut2gpF6g4nJZsD6eZVqaq9eu0oqqh5pD8JDSxbJJvYZAeDbl7s2CMjRCLrHO7s3b2DQhEkxuccXZ1KLsovKm5qaeDpZd3ZpryUhTWFp56ea99MJyvHzwdGja2VUNMMMCqLSqTyqoKq+sLq8JaW+GxxM1qRnKKqor6j8waGJqoj0lTn5JxbnU4uyiMjRv08Kii5s18iywZ/l2cfm5lHvgGql43GybdHFvriU7Awi+lH4vOe/Bw+pqd1uLbh42qgUp8KIDGUBAQNPGpo1VRpUZcbVMQRIRGcUJuSWQGPJEqGUETpuySpnEVJFDbPcrNCLXJBA2XiCk5UJiImCgrwBW754FXqRAQhIYtSQO3RBz4sZdTdSHODc7Oy+Y+SvGZsWx9G/O3Cour/fKc6CP7cdDPAKdrXTOiYKSysUHU3+JyH2o8M5ClpFvoPtLXVsrNQfwh4fTAMwMNvMB8PzeLq8+0UYxgcrg76NPpRQh/0zW/7oqIXnvYNqXpzLxZeRbnXwdLfHLuJ/i9sXeUQJDQsyu7tYvdmn9bP3Kh5hMHxxM/fFyjiINmMcjA1ouG+KhM6NOXknFwr2pO6PyFPnFxMJlztIh7q2t6y0c4HL1yYw1p7PySyrl5FmZm77UpfWHg9sqqsGh2ILRP8UCZlJoqw3PeyvyUlRW6fThRXwzq5vT6lHtFf+E7AwfH01PvytTY+YDRkZ3tF8xzMNJYQn76dLtOX8k46/IHfRM/fSg17NLOq++gj+908flf6yL5BEpgKRNoJk7E1ccz1Ca/RDHkYTCp76N2hudr10BsBD2W3/tp8s5irMBTW4XV7z6Z/KyIzcVmzPAmy7eVpx5DPA7B1Knbk8gfamknbaCB5V/JxS+sC3+rb9uyCExI8dsuf7d+WwlGkD/n9H5vdZexT6mBS2UZ8j3Mduv1NN2wAPb1vCcnmuiYm+XyJtjcRm/NfaDv28qzn78taSi6tuztwauv1ZQUqHaF1aH82naaJA3WbA3BblJFGc//gRGdl7Ne+qbqOQ8bXev2kVH9696UwAsBuue81T9ebd/bWWEfxIKf4/KA7f+jpb7pgVkL+2a81H343OCJoTIdi4M6pcns7Q/XZy2PZG55Ebq7W0v+CQv7hy1oNPCvq7oGl8u/zdDPp+AZ/IvCQxwW1uLb0Z5np8bcuKVoPf6u1mZy/LsgRLsRTxFv3J4u69GyH5WDPUYG+TAkIHpfjKpdkptC7+NjQVfdndv/s/LgXkfdQfXh2cGDvWT5d4qfFD5zeksLTSsPZ0ZUzPFB/nYnnktKH9Z98wPuvz1kj92Y3x56175pvO35c3fP5R6MK4A/7SxMPvfQPdTrwadez1kzcj2qE+BL6/cuj9zp/rUOvP3puhcC364kL3u7C3gQYaS13s5H50deHFeCKyODq1lm3ZGUfn4rfGwDHnKk0pzvSkALOSpXVur/uAJMsPYwTqzYcNY7/4+tjYWjbEpd2tr/cN4b8ykKWGOh2Z10JJ3dv/1guPJMkMLI3psTsdRQQ7ONk28HCw/HOS+9tnanfrrU7XzaeeV3P9qFldv+6anXgua1q11UBsrmCiLB7jtn+HPZBteeSLzVlE5H6HP6OY0u6czfuY+1eanF3yWD6m9X993vXYrO3hdNiPx+XWSb08PGxwwwDWqReya6o+TGCyxrRP9tBDANLduYvbrZL9OrtY4g9lZmQ/0tUMiTogLSTlXjWzHNE/ILV13LpsB/ntWx3f6uXZ2sw52sZrZwwnsu7awkMk/ruBIfC098k4xoSMz72+5KGur6QOj6IPDtbvrLxP9Phverlc7G9irsLlPvhoU5mqNhni5u+mCTEP0/tGbAujkPK+4dgtWsgfQ8JVezt+N9dJ0yGYw/3ypdrVbOtgdU1+xO2hdoJMV5jrOuMz3P16sBf58eDul42b3tjazu8tOCyDj1wjd6QZ08iUHGBpQq+pZdVZy7v06llW8BIhGWTakreoBVLE7pjmW5zKFMwy+wU4DcSEppxx466Vas/CNJ9tg3isigaygKkpikQMEOMqAl/6djmO6Jk7/irqDJ+r4K3Y5JZseKr227pywuU7m7CUmBKR0q0TC+8EwPOXXBKzQsFnZ8w+T5mTNORsr3OiOMpNJ6fPvK0FX3w79ZKgHvsdefO7mPfyCTK5YL1WBJ4bVHpePJxWyp0EnZH7ddJdnM3ZtUauoz/5w/WBsgU5LQ6kLpnlJxcNhm2JOJWuz1I8n1zIysbOjKp0jA+0hN3z/b5Kyr2JcJwf8CUftj49oNAhP1CGfFKZG8iEu1lh9gDw2pzSL346qU8JsAPS2A1Q8rJ68LV71R348mhTmyOS4g/E6dUei+7KLz22J/fRo+omkQhzztfOWfa+8qCY9GGSttvKCoosjOb+0vGbF7dSmmVqbKsDJCo4UACTkUDu6weP0v7/TGC6wyTC/YGtifknIKx3zU6zHsksTtsatPC47q7BJ1DK1S21zWCmDN0a3/+TylG3xa05lhqskikrMfYBeHJuZt7WrXWUU5QkXLTNHIUOlOYo14p2+sp0E3oKorEdHasXm8uDiUDeZtaP6YawgfBJzZGTo96M3BYDX+Y9r+ao/haW1Hk9YjVvG+9jVVU/AYByOL/j4WPrQTdd9Pr287ow2CxK+fEasDs10u8+Z/RofTb52TH7Gj36njjZuYzZqy/Xhm2Q/T6+/5r08nDmiwBKbUJOmGJ9+3rZrnm3PHLvxwUK75/odOGqe/i464LPwHbryPU3q7Pje027y+ihYBXZdy190MO3Jb6NCV0XClcmgxV7KONZaaRaOY921Q6GCh5RpPvdJFx8HS/hzFux95L9SFAgzgjji22uo9iUflDulGu0obhLm0EpvCoCE4H3at1D9UaxuMKqjfcw7oatHtoMbRK4JYBKuyQX7UhYdSNXEMONgkQ02snPp+shzqSt5SxXbMbWXeRbGxIw/llSIn7Np92CoACHWwr0zOihe/M3s7hSzsNOnQ9r282rB2CHMJ62wbNpvidq9QABb/LRb1ILQ9we4wfMDj768OTLgw5H/x1WZVw0pzplPpeZtRS4K1S0R+8Pnwz3QHG4DtTpZKyXkPtOwT8vzjvGUp66B1fZ3UMf8WW8KgHvWg7M6qP4wl0fyD5beWT2c4QbJ/LArXGlw2GEXZv6KC7KMQvVumVbNakskpBc+uoXRJA/5wg9bSy0MDgl5NQuhfF3kJvqJnVrBG4Nke0zzMBdrOB9VjRBcV73R22X/jA7ZS7sBAHdAuDVjmnx0NL205tpVywdZ+Rf1d8MtZNaH3Y7MDny1p7N8S1lySGZ0wf/GrCZanFpZdaJo1VzNFoqT0oiAlsCw5GDavTJlepiNBTu8Jnlm3a2VM9H1NjeZ62ylNwXQSZkqAIwiOOyuLAjBbbFMxFWyO3y1eOD+c67Rk4TcB2qHGZcM8hSqHi0tmbU2IuO+2qP2xfR7zIrIuLHxaVxzOFF1T+FLuQfGvMZ5qvj5drQXvDEogP5sB9nsCc8sPpZYqEUOWCDhncQNaMSCEAQpABKmy7Vs9Za3Kh4s1U+0s/liRLvz84IYFbpZWMYsGR3rTPzoW2qwwY8Zky077WCt0VS0dMXwdthhMMXXnJRdeyt+OtQgx+e8hmu782myUYMJ4F/jU5IXdSyr2RUVP3IJqwpTi9yI/iRpBYAv/5rKCME1/rSPLcOklkSV/b1bAADr0HqV0wLO0G/vS8Fd8jObYgADE//pGmDcNKnd0zeer3V7D/Ct7bdljXWL4UnJV95h4uoOyi2tNFaqWjq4LXO+X7g/RelA/8vlHNVtDXtCr5rLLBlHTE5WDZ8N527heK30R9x+BLeRLRmMQPBfeVWbjefVHKV+vJDDmI6D6vhV7Q13i7iawPfbInIVTTUZ8rrRUbx3k2M4HFcAcw7/RFyQnZVMLRlh4hOv4mOQf9OyBlKIj0QVAAsuQhWe3xr77ObrkRn1sl3jgLs3pja0xr9uSVYVDS6zmC+//i8LLkU5ACbAov2pjKeCufHBZ07PNswvSw6lKqkcIlV21VxIw2cyPrTWadjJpXY+fXkyQ7HrSzeLmTAnT/umWuLPvFtZMs+s4QrcVHMhhQ8Mrdf+SJ61K2n4DzFKkQKZReXMXoGzjU99E1HeO5ZtuIze2JMyaksswjoUqUIEBDYxfIN9oE2Nq3RKZ0dm1m6+lLO7hjv55+LN4o//kbk4sUK/3KNWLIoA8t/f7OPSrmVTuBCUYlWGBLQE+wCDKL44Xk8+qQVl83bXHp1f7eXMoAqpU05EQOHcL8eP+Dm5qyOkTuBqKeHzpUnwFxFwumlBQRoNygTDYevs5dFcCe26MV5QeiYYDvIdHVR7E6QE9sXwdjijdP3qak6NpxyL5ahA+yfa41RnhpmxNTw3o+bmCKU2ccephfKZvyUymbLR13MdZRjKK6v+iMo/X+P1hx18YV6Iq23tiWL2zqSfI3LwPTyek8Nahbk2hzGD5epQ3W3oj+O9n6+JwsAnraAseGUks0zitDrMvyWueGBOIO6ImQ1L+rstGeDGAMuD4Qo/7iEPAkWoJjBgz7G3anxlQSc4TLDa9VobxRyOYV2MC3Ho6t68salJ7O3SrXUzY3yIw+bxPmpZhqt00IYYxlTDRMe1KyYW/nE16z6aM1QpDuXGc9nz9tTORYi3r1cLmCIX0u79GpnLOIVf6+WMa0GmL3kwnLy0FvP9vpiCcT/LguTwUQyGO55YOGJzLLPb9G5ng9v95hZm127dh3wY9zSCNXZPC5Azgq2YuXPAkjS1s6ObncXte+W/ReYxqZ6hTlcXhLI/MbMJhtv0vNcLNcuZUAqgdpBuLO6MMEDt0aBoeH1hGHZYuJmxA8BsVYsKa8/hWYGI9VX7V+ZLnBfHbo1Vvc3BnxAA8/sU/yc9a+0KfIMFeNK2uAM14TGqH1yOKt6kAgCW1fx9KWqBu7hagza5b0etAqDhqhOZ7x+WnUrn9HBmghQQFDT513jFVVARP04+B2YG4HijiWWs5bN3JavGDjLwfT1bwJegeH2+9O+bn9VfoeWYET26aZyP/OJZkwIAHls0YhPxi1I0KEJBX/kzWa1jrVdbmz+m+cGUlXeXlFf69PpoZr1T+mDV2zPNH8EUWgZa6U9ECmDmNHC2UjygEroebW3gn2bf/YGYOzg8qf2Z2MUR/JxLvYelQRMMvsfqhQWjdXPzKV0cMWDZRRWKFGLJnNnNact4bwBopwpL2vhOjvAIpd4pk2MAAdh5fnrBT2lXxbl2bHArlxZNkGZeHpIAk6Ofp+33Y73G1a398h4RZB/qYo1XCrfuPYr2R9zRKz2dvxnj1UzhnQBO6jhbg6+XureWlYWs+4S5NMcxERsRjpLDAuxgk3i0tMD1H2Ay75bfffDoRIi2iFlYP9arudYCoDAIx4U4Vj6sgu/rvoKzCKsJ/EKrRnoqVZDu49UCUXeZOBnfLZd7LKFmuCB/f6C74ooLv/O1rPsgY7CfHU4UimKHJxf7hpO17NWB4jTFqQPO65x7FTB7mK0An/YtmyIYcfVzj+46mO9xDBgd3KqwpAIjBWjmS2yDQ/zssOPBE8B++gESu+CKY/VML9XmIzq07FjjSqG/AxDRyhIYBkPmXZmTwM7KzNPekkPtdRgBecWVsEDatsSrGMWaq2pIgA2dWVje2NTUw76J4kKllloEId+6C3OpGlNZMcydJWuawPB8B2qAsYQjEjOYFNvNgnKwDEZh7MvNPE1IcH5IyUNfVa62FtRdk9iHb9x5AAGxoQSagj3/ftlDS3MzLEbcKmkT7QANQwFIh98I/zhLgEgBJOoFepzHz8i7mBIwKoCY0jb2JTkJGBVAckNiJEgECRgTY4kgZGMXDUACxh2gAQySkUThJGBUAOFka8TcACSg2w062NcOcQQNgBUjiUYJ1EgA925MoiEtn41jvSaGsQuFMErVKAHDk4BcAYwmkOENrpEjAgkYFYBAWEZQw5OAUQEMb0yNHBFIwKgABMIyghqeBIwKYHhjauSIQAIm51Lv6kw0QIBPXFBTE1Ndoc3iEvQ49Yb0Kg1X+N4OlkzgtwmT8cb4MUrg8ZSA0QR6PMfdyHWtBIwKYJwKj7UEjArwWA+/kXmjAhjnwGMtAaMCPNbDb2T+/82dmKURvuh3AAAAAElFTkSuQmCC', 9, '2026-05-08 07:02:00', '2026-05-08 17:36:49', NULL),
(26, 47, '77 456 78 90', 'Tous', 'Disponible', 0.00, NULL, 0, '2026-05-08 07:03:00', '2026-05-08 07:03:00', NULL),
(27, 48, '76 567 89 01', 'Berline,4x4', 'Affecté', 4.80, NULL, 22, '2026-05-08 07:04:00', '2026-05-08 16:55:56', NULL),
(28, 49, '77 678 90 12', 'Autocar,Minibus', 'Disponible', 0.00, NULL, 0, '2026-05-08 07:05:00', '2026-05-08 07:05:00', NULL),
(29, 50, '78 789 01 23', 'Tous', 'Disponible', 4.60, NULL, 15, '2026-05-08 07:06:00', '2026-05-08 07:06:00', NULL),
(30, 51, '77 890 12 34', 'Berline,Camion', 'Disponible', 4.40, NULL, 11, '2026-05-08 07:07:00', '2026-05-08 07:07:00', NULL),
(31, 52, '76 901 23 45', 'Tous', 'Disponible', 0.00, NULL, 0, '2026-05-08 07:08:00', '2026-05-08 07:08:00', NULL),
(32, 53, '78 012 34 56', 'Berline', 'Disponible', 4.70, NULL, 19, '2026-05-08 07:09:00', '2026-05-08 07:09:00', NULL),
(33, 54, '77 123 56 78', 'Autocar', 'Disponible', 4.35, NULL, 8, '2026-05-08 07:10:00', '2026-05-08 07:10:00', NULL),
(34, 55, '76 234 67 89', 'Tous', 'Disponible', 0.00, NULL, 0, '2026-05-08 07:11:00', '2026-05-08 07:11:00', NULL),
(35, 56, '78 345 78 90', 'Berline,4x4', 'Disponible', 4.55, NULL, 14, '2026-05-08 07:12:00', '2026-05-08 07:12:00', NULL),
(36, 57, '77 456 89 01', 'Minibus,Autocar', 'Disponible', 4.65, NULL, 16, '2026-05-08 07:13:00', '2026-05-08 07:13:00', NULL);
INSERT INTO `chauffeurs` (`id_chauffeur`, `id_utilisateur`, `telephone`, `types_vehicules_autorises`, `statut_disponibilite`, `moyenne_notes`, `photo_path`, `nombre_missions`, `date_creation`, `date_modification`, `photo_cip_path`) VALUES
(37, 58, '76 567 90 12', 'Tous', 'Disponible', 0.00, NULL, 0, '2026-05-08 07:14:00', '2026-05-08 07:14:00', NULL),
(38, 59, '78 678 01 23', 'Berline,Camion', 'Affecté', 4.85, NULL, 25, '2026-05-08 07:15:00', '2026-05-08 07:15:00', NULL),
(39, 60, '77 789 12 34', 'Tous', 'Disponible', 4.45, NULL, 10, '2026-05-08 07:16:00', '2026-05-08 07:16:00', NULL),
(40, 61, '76 890 23 45', 'Autocar,Minibus', 'Disponible', 0.00, NULL, 0, '2026-05-08 07:17:00', '2026-05-08 07:17:00', NULL),
(41, 62, '78 901 34 56', 'Berline', 'En mission', 4.72, NULL, 20, '2026-05-08 07:18:00', '2026-05-08 07:18:00', NULL),
(42, 63, '77 012 45 67', 'Tous', 'Disponible', 4.30, NULL, 7, '2026-05-08 07:19:00', '2026-05-08 07:19:00', NULL),
(43, 64, '76 123 56 78', '4x4,Camion', 'Disponible', 0.00, NULL, 0, '2026-05-08 07:20:00', '2026-05-08 07:20:00', NULL),
(44, 65, '78 234 67 89', 'Tous', 'Disponible', 4.68, NULL, 17, '2026-05-08 07:21:00', '2026-05-08 07:21:00', NULL),
(45, 66, '77 345 78 90', 'Berline,Minibus', 'Disponible', 4.50, NULL, 13, '2026-05-08 07:22:00', '2026-05-08 07:22:00', NULL),
(46, 67, '76 456 89 01', 'Tous', 'Non disponible', 0.00, NULL, 0, '2026-05-08 07:23:00', '2026-05-08 07:23:00', NULL),
(47, 68, '78 567 90 12', 'Autocar', 'Disponible', 4.55, NULL, 12, '2026-05-08 07:24:00', '2026-05-08 07:24:00', NULL);

-- --------------------------------------------------------

--
-- Structure de la table `demandemissions`
--

DROP TABLE IF EXISTS `demandemissions`;
CREATE TABLE IF NOT EXISTS `demandemissions` (
  `id` int NOT NULL AUTO_INCREMENT,
  `reference` varchar(50) DEFAULT NULL,
  `id_demandeurs` int NOT NULL,
  `motif` varchar(255) NOT NULL,
  `destination` varchar(100) NOT NULL,
  `dateDepart` date NOT NULL,
  `dateRetour` date NOT NULL,
  `portee` enum('National','Continental','International') NOT NULL,
  `id_workflow` int DEFAULT NULL,
  `statut` enum('Brouillon','En attente','Validée','Rejetée','En cours','Effectuée') DEFAULT 'Brouillon',
  `est_ordre_mission` tinyint DEFAULT '0' COMMENT '0=Demande, 1=Ordre de mission',
  `id_chauffeur` int DEFAULT NULL,
  `id_vehicule` int DEFAULT NULL,
  `categorie_socio_pro_principale` varchar(100) DEFAULT NULL,
  `etape_creation` varchar(50) DEFAULT 'DEMANDE' COMMENT 'DEMANDE | CATEGORIE | ORDRE_CREE | RESSOURCE | VALIDATION | FINALISE',
  `id_ordre_lié` int DEFAULT NULL,
  `date_soumission` timestamp NULL DEFAULT NULL,
  `created_at` timestamp NULL DEFAULT CURRENT_TIMESTAMP,
  `updated_at` timestamp NULL DEFAULT CURRENT_TIMESTAMP ON UPDATE CURRENT_TIMESTAMP,
  PRIMARY KEY (`id`),
  UNIQUE KEY `numero_ordre` (`reference`),
  UNIQUE KEY `reference` (`reference`),
  KEY `id_demandeur` (`id_demandeurs`),
  KEY `fk_demande_chauffeur` (`id_chauffeur`),
  KEY `fk_demande_vehicule` (`id_vehicule`)
) ENGINE=InnoDB AUTO_INCREMENT=36 DEFAULT CHARSET=utf8mb4 COLLATE=utf8mb4_0900_ai_ci;

--
-- Déchargement des données de la table `demandemissions`
--

INSERT INTO `demandemissions` (`id`, `reference`, `id_demandeurs`, `motif`, `destination`, `dateDepart`, `dateRetour`, `portee`, `id_workflow`, `statut`, `est_ordre_mission`, `id_chauffeur`, `id_vehicule`, `categorie_socio_pro_principale`, `etape_creation`, `id_ordre_lié`, `date_soumission`, `created_at`, `updated_at`) VALUES
(34, 'DM-2026-0034', 6, 'ALLER A L\'usine', 'Parakou', '2026-05-10', '2026-05-23', 'National', 1, 'En attente', 1, 27, 50, 'Cadre Dirigeant', 'RESSOURCE', NULL, NULL, '2026-05-08 16:48:55', '2026-05-08 16:55:56'),
(35, 'DM-2026-0035', 6, 'Installation d\'équipements', 'Parakou', '2026-05-10', '2026-05-21', 'National', 1, 'Effectuée', 1, 25, 47, 'Cadres', 'RESSOURCE', NULL, NULL, '2026-05-08 17:02:18', '2026-05-08 17:35:26');

-- --------------------------------------------------------

--
-- Structure de la table `demandeurs`
--

DROP TABLE IF EXISTS `demandeurs`;
CREATE TABLE IF NOT EXISTS `demandeurs` (
  `id_demandeur` int NOT NULL AUTO_INCREMENT,
  `id_utilisateur` int NOT NULL,
  `emplacement` enum('Siège','Usine') DEFAULT 'Siège',
  `localite` varchar(100) DEFAULT NULL,
  `date_creation` timestamp NULL DEFAULT CURRENT_TIMESTAMP,
  PRIMARY KEY (`id_demandeur`),
  UNIQUE KEY `id_utilisateur` (`id_utilisateur`)
) ENGINE=InnoDB AUTO_INCREMENT=7 DEFAULT CHARSET=utf8mb4 COLLATE=utf8mb4_0900_ai_ci;

--
-- Déchargement des données de la table `demandeurs`
--

INSERT INTO `demandeurs` (`id_demandeur`, `id_utilisateur`, `emplacement`, `localite`, `date_creation`) VALUES
(6, 133, 'Siège', NULL, '2026-05-08 16:47:46');

-- --------------------------------------------------------

--
-- Structure de la table `enregistrements_carburation`
--

DROP TABLE IF EXISTS `enregistrements_carburation`;
CREATE TABLE IF NOT EXISTS `enregistrements_carburation` (
  `id_carburation` int NOT NULL AUTO_INCREMENT,
  `id_demandemission` int NOT NULL,
  `id_chauffeur` int NOT NULL,
  `quantite_carburant` decimal(8,2) NOT NULL,
  `km_carburation` int DEFAULT NULL,
  `date_creation` timestamp NULL DEFAULT CURRENT_TIMESTAMP,
  PRIMARY KEY (`id_carburation`),
  KEY `idx_id_demandemission` (`id_demandemission`)
) ENGINE=InnoDB AUTO_INCREMENT=7 DEFAULT CHARSET=utf8mb4 COLLATE=utf8mb4_0900_ai_ci;

--
-- Déchargement des données de la table `enregistrements_carburation`
--

INSERT INTO `enregistrements_carburation` (`id_carburation`, `id_demandemission`, `id_chauffeur`, `quantite_carburant`, `km_carburation`, `date_creation`) VALUES
(6, 35, 25, 10.00, 2300, '2026-05-08 17:34:43');

-- --------------------------------------------------------

--
-- Structure de la table `enregistrements_km_chauffeur`
--

DROP TABLE IF EXISTS `enregistrements_km_chauffeur`;
CREATE TABLE IF NOT EXISTS `enregistrements_km_chauffeur` (
  `id_enregistrement_km` int NOT NULL AUTO_INCREMENT,
  `id_demandemission` int NOT NULL,
  `id_chauffeur` int NOT NULL,
  `type` enum('debut','fin') NOT NULL DEFAULT 'debut',
  `kilometrage` int DEFAULT NULL,
  `date_creation` timestamp NULL DEFAULT CURRENT_TIMESTAMP,
  `date_modification` timestamp NULL DEFAULT CURRENT_TIMESTAMP ON UPDATE CURRENT_TIMESTAMP,
  PRIMARY KEY (`id_enregistrement_km`),
  KEY `idx_id_demandemission` (`id_demandemission`)
) ENGINE=InnoDB AUTO_INCREMENT=11 DEFAULT CHARSET=utf8mb4 COLLATE=utf8mb4_0900_ai_ci;

--
-- Déchargement des données de la table `enregistrements_km_chauffeur`
--

INSERT INTO `enregistrements_km_chauffeur` (`id_enregistrement_km`, `id_demandemission`, `id_chauffeur`, `type`, `kilometrage`, `date_creation`, `date_modification`) VALUES
(9, 35, 25, 'debut', 2000, '2026-05-08 17:33:35', '2026-05-08 17:33:35'),
(10, 35, 25, 'fin', 4000, '2026-05-08 17:35:26', '2026-05-08 17:35:26');

-- --------------------------------------------------------

--
-- Structure de la table `etapes_workflow`
--

DROP TABLE IF EXISTS `etapes_workflow`;
CREATE TABLE IF NOT EXISTS `etapes_workflow` (
  `id_etape` int NOT NULL AUTO_INCREMENT,
  `id_workflow` int DEFAULT NULL,
  `libelle_etape` varchar(100) NOT NULL,
  `ordre_etape` int NOT NULL,
  `id_sous_role_requis` int NOT NULL,
  `description_etape` text,
  `date_creation` timestamp NULL DEFAULT CURRENT_TIMESTAMP,
  PRIMARY KEY (`id_etape`),
  UNIQUE KEY `unique_workflow_ordre` (`id_workflow`,`ordre_etape`),
  KEY `id_sous_role_requis` (`id_sous_role_requis`)
) ENGINE=InnoDB AUTO_INCREMENT=133 DEFAULT CHARSET=utf8mb4 COLLATE=utf8mb4_0900_ai_ci;

--
-- Déchargement des données de la table `etapes_workflow`
--

INSERT INTO `etapes_workflow` (`id_etape`, `id_workflow`, `libelle_etape`, `ordre_etape`, `id_sous_role_requis`, `description_etape`, `date_creation`) VALUES
(67, 1, 'Directeur de Département', 1, 6, 'Première validation de la demande de mission au niveau département', '2026-05-04 13:30:00'),
(68, 1, 'Assistant DRH - Création Ordre', 2, 7, 'Création de l\'ordre de mission avec assignation catégorie socio-professionnelle', '2026-05-04 13:30:00'),
(69, 1, 'CSMG - Affectation Ressources', 3, 8, 'Affectation du chauffeur et du véhicule disponibles', '2026-05-04 13:30:01'),
(70, 1, 'Assistant DRH - Validation Complète', 4, 7, 'Validation finale de l\'ordre de mission complet avec chauffeur et véhicule', '2026-05-04 13:30:01'),
(71, 1, 'CSAPR - Validation Administrative', 5, 9, 'Validation administrative et personnel RH', '2026-05-04 13:30:01'),
(72, 1, 'DRH - Modification et Validation', 6, 10, 'Modification et validation finalisée avec mise à jour catégories', '2026-05-04 13:30:01'),
(73, 1, 'DAF - Gestion Frais', 7, 11, 'Consultation et modification des frais de mission', '2026-05-04 13:30:01'),
(74, 1, 'Directeur Général - Validation Finale', 8, 12, 'Validation finale et signature numérique', '2026-05-04 13:30:01'),
(124, 2, 'RAU - Validation Administrative', 1, 13, 'Responsable Administratif Usine - Validation administrative au niveau usine', '2026-05-06 14:06:13'),
(125, 2, 'Chef Usine - Validation Opérationnelle', 2, 14, 'Chef Usine - Validation au niveau opérationnel usine', '2026-05-06 14:06:13'),
(126, 2, 'Assistant DRH - Création Ordre', 3, 7, 'Création de l\'ordre de mission avec assignation catégorie socio-professionnelle', '2026-05-06 14:06:13'),
(127, 2, 'CSMG - Affectation Ressources', 4, 8, 'Affectation du chauffeur et du véhicule disponibles', '2026-05-06 14:06:13'),
(128, 2, 'Assistant DRH - Validation Complète', 5, 7, 'Validation finale de l\'ordre de mission complet avec chauffeur et véhicule', '2026-05-06 14:06:13'),
(129, 2, 'CSAPR - Validation Administrative', 6, 9, 'Validation administrative et personnel RH', '2026-05-06 14:06:13'),
(130, 2, 'DRH - Modification et Validation', 7, 10, 'Modification et validation finalisée avec mise à jour catégories', '2026-05-06 14:06:13'),
(131, 2, 'DAF - Gestion Frais', 8, 11, 'Consultation et modification des frais de mission', '2026-05-06 14:06:13'),
(132, 2, 'Directeur Général - Validation Finale', 9, 12, 'Validation finale et signature numérique', '2026-05-06 14:06:13');

-- --------------------------------------------------------

--
-- Structure de la table `grilles_tarifaires`
--

DROP TABLE IF EXISTS `grilles_tarifaires`;
CREATE TABLE IF NOT EXISTS `grilles_tarifaires` (
  `id_grille` int NOT NULL AUTO_INCREMENT,
  `id_categorie` int NOT NULL,
  `portee_mission` enum('National','Continental','International') NOT NULL,
  `type_sejour` varchar(100) NOT NULL COMMENT 'Hébergement, Restauration (Nuitée), Restauration (Sans Nuitée), etc.',
  `tarif` decimal(12,2) NOT NULL,
  `devise` varchar(10) DEFAULT 'XOF',
  `date_creation` timestamp NULL DEFAULT CURRENT_TIMESTAMP,
  `date_modification` timestamp NULL DEFAULT CURRENT_TIMESTAMP ON UPDATE CURRENT_TIMESTAMP,
  PRIMARY KEY (`id_grille`),
  UNIQUE KEY `unique_grille` (`id_categorie`,`portee_mission`,`type_sejour`)
) ENGINE=InnoDB AUTO_INCREMENT=61 DEFAULT CHARSET=utf8mb4 COLLATE=utf8mb4_0900_ai_ci;

--
-- Déchargement des données de la table `grilles_tarifaires`
--

INSERT INTO `grilles_tarifaires` (`id_grille`, `id_categorie`, `portee_mission`, `type_sejour`, `tarif`, `devise`, `date_creation`, `date_modification`) VALUES
(1, 1, 'National', 'Hébergement (Nuitée)', 50000.00, 'XOF', '2026-05-04 07:25:23', '2026-05-06 16:50:26'),
(2, 1, 'National', 'Restauration (Nuitée)', 25000.00, 'XOF', '2026-05-04 07:25:23', '2026-05-04 07:25:23'),
(3, 1, 'National', 'Restauration (Sans Nuitée)', 15000.00, 'XOF', '2026-05-04 07:25:23', '2026-05-04 07:25:23'),
(4, 2, 'National', 'Hébergement (Nuitée)', 40000.00, 'XOF', '2026-05-04 07:25:23', '2026-05-04 07:25:23'),
(5, 2, 'National', 'Restauration (Nuitée)', 20000.00, 'XOF', '2026-05-04 07:25:23', '2026-05-04 07:25:23'),
(6, 2, 'National', 'Restauration (Sans Nuitée)', 10000.00, 'XOF', '2026-05-04 07:25:23', '2026-05-04 07:25:23'),
(7, 3, 'National', 'Hébergement (Nuitée)', 40000.00, 'XOF', '2026-05-04 07:25:23', '2026-05-04 07:25:23'),
(8, 3, 'National', 'Restauration (Nuitée)', 20000.00, 'XOF', '2026-05-04 07:25:23', '2026-05-04 07:25:23'),
(9, 3, 'National', 'Restauration (Sans Nuitée)', 10000.00, 'XOF', '2026-05-04 07:25:23', '2026-05-04 07:25:23'),
(10, 4, 'National', 'Hébergement (Nuitée)', 30000.00, 'XOF', '2026-05-04 07:25:23', '2026-05-04 07:25:23'),
(11, 4, 'National', 'Restauration (Nuitée)', 15000.00, 'XOF', '2026-05-04 07:25:23', '2026-05-04 07:25:23'),
(12, 4, 'National', 'Restauration (Sans Nuitée)', 7500.00, 'XOF', '2026-05-04 07:25:23', '2026-05-04 07:25:23'),
(13, 5, 'National', 'Hébergement (Nuitée)', 30000.00, 'XOF', '2026-05-04 07:25:23', '2026-05-04 07:25:23'),
(14, 5, 'National', 'Restauration (Nuitée)', 15000.00, 'XOF', '2026-05-04 07:25:23', '2026-05-04 07:25:23'),
(15, 5, 'National', 'Restauration (Sans Nuitée)', 7500.00, 'XOF', '2026-05-04 07:25:23', '2026-05-04 07:25:23'),
(16, 6, 'National', 'Hébergement (Nuitée)', 15000.00, 'XOF', '2026-05-04 07:25:23', '2026-05-04 07:25:23'),
(17, 6, 'National', 'Restauration (Nuitée)', 10000.00, 'XOF', '2026-05-04 07:25:23', '2026-05-04 07:25:23'),
(18, 6, 'National', 'Restauration (Sans Nuitée)', 5000.00, 'XOF', '2026-05-04 07:25:23', '2026-05-04 07:25:23'),
(19, 7, 'National', 'Hébergement (Nuitée)', 15000.00, 'XOF', '2026-05-04 07:25:23', '2026-05-04 07:25:23'),
(20, 7, 'National', 'Restauration (Nuitée)', 10000.00, 'XOF', '2026-05-04 07:25:23', '2026-05-04 07:25:23'),
(21, 7, 'National', 'Restauration (Sans Nuitée)', 5000.00, 'XOF', '2026-05-04 07:25:23', '2026-05-04 07:25:23'),
(22, 8, 'National', 'Hébergement (Nuitée)', 15000.00, 'XOF', '2026-05-04 07:25:23', '2026-05-04 07:25:23'),
(23, 8, 'National', 'Restauration (Nuitée)', 8000.00, 'XOF', '2026-05-04 07:25:23', '2026-05-04 07:25:23'),
(24, 8, 'National', 'Restauration (Sans Nuitée)', 4000.00, 'XOF', '2026-05-04 07:25:23', '2026-05-04 07:25:23'),
(25, 1, 'Continental', 'Hébergement (Afrique)', 100000.00, 'XOF', '2026-05-04 07:25:23', '2026-05-04 07:25:23'),
(26, 1, 'Continental', 'Restauration (Afrique)', 50000.00, 'XOF', '2026-05-04 07:25:23', '2026-05-04 07:25:23'),
(27, 2, 'Continental', 'Hébergement (Afrique)', 80000.00, 'XOF', '2026-05-04 07:25:23', '2026-05-04 07:25:23'),
(28, 2, 'Continental', 'Restauration (Afrique)', 40000.00, 'XOF', '2026-05-04 07:25:23', '2026-05-04 07:25:23'),
(29, 3, 'Continental', 'Hébergement (Afrique)', 50000.00, 'XOF', '2026-05-04 07:25:23', '2026-05-04 07:25:23'),
(30, 3, 'Continental', 'Restauration (Afrique)', 30000.00, 'XOF', '2026-05-04 07:25:23', '2026-05-04 07:25:23'),
(31, 4, 'Continental', 'Hébergement (Afrique)', 40000.00, 'XOF', '2026-05-04 07:25:23', '2026-05-04 07:25:23'),
(32, 4, 'Continental', 'Restauration (Afrique)', 30000.00, 'XOF', '2026-05-04 07:25:23', '2026-05-04 07:25:23'),
(33, 5, 'Continental', 'Hébergement (Afrique)', 40000.00, 'XOF', '2026-05-04 07:25:23', '2026-05-04 07:25:23'),
(34, 5, 'Continental', 'Restauration (Afrique)', 30000.00, 'XOF', '2026-05-04 07:25:23', '2026-05-04 07:25:23'),
(37, 1, 'International', 'Hébergement (Int.)', 150000.00, 'XOF', '2026-05-04 07:25:23', '2026-05-04 07:25:23'),
(38, 1, 'International', 'Restauration (Int.)', 80000.00, 'XOF', '2026-05-04 07:25:23', '2026-05-04 07:25:23'),
(39, 2, 'International', 'Hébergement (Int.)', 130000.00, 'XOF', '2026-05-04 07:25:23', '2026-05-04 07:25:23'),
(40, 2, 'International', 'Restauration (Int.)', 70000.00, 'XOF', '2026-05-04 07:25:23', '2026-05-04 07:25:23'),
(41, 3, 'International', 'Hébergement (Int.)', 80000.00, 'XOF', '2026-05-04 07:25:23', '2026-05-04 07:25:23'),
(42, 3, 'International', 'Restauration (Int.)', 60000.00, 'XOF', '2026-05-04 07:25:23', '2026-05-04 07:25:23'),
(43, 4, 'International', 'Hébergement (Int.)', 70000.00, 'XOF', '2026-05-04 07:25:23', '2026-05-04 07:25:23'),
(44, 4, 'International', 'Restauration (Int.)', 60000.00, 'XOF', '2026-05-04 07:25:23', '2026-05-04 07:25:23'),
(45, 5, 'International', 'Hébergement (Int.)', 70000.00, 'XOF', '2026-05-04 07:25:23', '2026-05-04 07:25:23'),
(46, 5, 'International', 'Restauration (Int.)', 60000.00, 'XOF', '2026-05-04 07:25:23', '2026-05-04 07:25:23'),
(49, 6, 'Continental', 'Hébergement (Afrique)', 20000.00, 'XOF', '2026-05-04 10:23:17', '2026-05-04 10:23:17'),
(50, 6, 'Continental', 'Restauration (Afrique)', 20000.00, 'XOF', '2026-05-04 10:23:17', '2026-05-04 10:23:17'),
(51, 7, 'Continental', 'Hébergement (Afrique)', 20000.00, 'XOF', '2026-05-04 10:23:17', '2026-05-04 10:23:17'),
(52, 7, 'Continental', 'Restauration (Afrique)', 20000.00, 'XOF', '2026-05-04 10:23:17', '2026-05-04 10:23:17'),
(53, 8, 'Continental', 'Hébergement (Afrique)', 20000.00, 'XOF', '2026-05-04 10:23:17', '2026-05-04 10:23:17'),
(54, 8, 'Continental', 'Restauration (Afrique)', 20000.00, 'XOF', '2026-05-04 10:23:17', '2026-05-04 10:23:17'),
(55, 6, 'International', 'Hébergement (Int.)', 50000.00, 'XOF', '2026-05-04 10:23:17', '2026-05-04 10:23:17'),
(56, 6, 'International', 'Restauration (Int.)', 50000.00, 'XOF', '2026-05-04 10:23:17', '2026-05-04 10:23:17'),
(57, 7, 'International', 'Hébergement (Int.)', 50000.00, 'XOF', '2026-05-04 10:23:17', '2026-05-04 10:23:17'),
(58, 7, 'International', 'Restauration (Int.)', 50000.00, 'XOF', '2026-05-04 10:23:17', '2026-05-04 10:23:17'),
(59, 8, 'International', 'Hébergement (Int.)', 50000.00, 'XOF', '2026-05-04 10:23:17', '2026-05-04 10:23:17'),
(60, 8, 'International', 'Restauration (Int.)', 50000.00, 'XOF', '2026-05-04 10:23:17', '2026-05-04 10:23:17');

-- --------------------------------------------------------

--
-- Structure de la table `missionnaires`
--

DROP TABLE IF EXISTS `missionnaires`;
CREATE TABLE IF NOT EXISTS `missionnaires` (
  `id_missionnaire` int NOT NULL AUTO_INCREMENT,
  `id_mission` int NOT NULL,
  `nom` varchar(100) NOT NULL,
  `prenom` varchar(100) NOT NULL,
  `fonction` varchar(100) DEFAULT NULL,
  `email` varchar(200) DEFAULT NULL,
  `est_chef_mission` tinyint(1) DEFAULT '0',
  `categorie_socio_pro` enum('Cadre Dirigeant','Cadres supérieurs','Cadres','Haute maîtrise','Moyenne maîtrise','Ouvriers & Empl. (H.Q.)','Ouvriers & Empl. (Qual.)','Ouvriers & Empl. (Base)','Ouvriers & Empl. (tous)') DEFAULT NULL,
  `frais_hebergement` decimal(10,2) DEFAULT '0.00',
  `frais_restauration` decimal(10,2) DEFAULT '0.00',
  `date_creation` timestamp NULL DEFAULT CURRENT_TIMESTAMP,
  PRIMARY KEY (`id_missionnaire`),
  KEY `id_demande` (`id_mission`)
) ENGINE=InnoDB AUTO_INCREMENT=42 DEFAULT CHARSET=utf8mb4 COLLATE=utf8mb4_0900_ai_ci;

--
-- Déchargement des données de la table `missionnaires`
--

INSERT INTO `missionnaires` (`id_missionnaire`, `id_mission`, `nom`, `prenom`, `fonction`, `email`, `est_chef_mission`, `categorie_socio_pro`, `frais_hebergement`, `frais_restauration`, `date_creation`) VALUES
(38, 34, 'Melvine', 'Sossou', 'PDG', 'Sossou@sodeco.bj', 1, 'Cadre Dirigeant', 650000.00, 350000.00, '2026-05-08 16:48:55'),
(40, 35, 'Melvine', 'Sossou', 'Adjointe Comptable', 'Sossou@sodeco.bj', 1, 'Cadres', 440000.00, 240000.00, '2026-05-08 17:06:43'),
(41, 35, 'Seton', 'Ansfried', 'Assistant Informaticien', 'ansfried@sodeco.bj', 0, 'Moyenne maîtrise', 330000.00, 180000.00, '2026-05-08 17:06:43');

-- --------------------------------------------------------

--
-- Structure de la table `missions_preplanifiees`
--

DROP TABLE IF EXISTS `missions_preplanifiees`;
CREATE TABLE IF NOT EXISTS `missions_preplanifiees` (
  `id_preplan` int NOT NULL AUTO_INCREMENT,
  `id_demandemission` int NOT NULL,
  `delai_soumission_avant_depart` int DEFAULT '5' COMMENT 'Jours avant date de départ pour soumission automatique',
  `statut_preplan` enum('Programmée','Soumise','Validée','Rejetée','Annulée') DEFAULT 'Programmée',
  `date_creation` timestamp NULL DEFAULT CURRENT_TIMESTAMP,
  `date_modification` timestamp NULL DEFAULT CURRENT_TIMESTAMP ON UPDATE CURRENT_TIMESTAMP,
  PRIMARY KEY (`id_preplan`),
  UNIQUE KEY `unique_demandemission` (`id_demandemission`),
  KEY `id_demandemission` (`id_demandemission`)
) ENGINE=InnoDB AUTO_INCREMENT=3 DEFAULT CHARSET=utf8mb4 COLLATE=utf8mb4_0900_ai_ci;

-- --------------------------------------------------------

--
-- Structure de la table `notations_chauffeur`
--

DROP TABLE IF EXISTS `notations_chauffeur`;
CREATE TABLE IF NOT EXISTS `notations_chauffeur` (
  `id_notation` int NOT NULL AUTO_INCREMENT,
  `id_demande` int NOT NULL,
  `id_chauffeur` int NOT NULL,
  `id_missionnaire_notant` int NOT NULL,
  `note` int DEFAULT NULL,
  `commentaire` text,
  `date_notation` timestamp NULL DEFAULT NULL,
  `lien_token` varchar(191) DEFAULT NULL,
  `token_utilise` tinyint(1) DEFAULT '0',
  `date_creation` timestamp NULL DEFAULT CURRENT_TIMESTAMP,
  PRIMARY KEY (`id_notation`),
  UNIQUE KEY `lien_token` (`lien_token`),
  KEY `id_chauffeur` (`id_chauffeur`),
  KEY `id_missionnaire_notant` (`id_missionnaire_notant`),
  KEY `fk_notation_demande` (`id_demande`)
) ENGINE=InnoDB AUTO_INCREMENT=2 DEFAULT CHARSET=utf8mb4 COLLATE=utf8mb4_0900_ai_ci;

-- --------------------------------------------------------

--
-- Structure de la table `ordres_missions`
--

DROP TABLE IF EXISTS `ordres_missions`;
CREATE TABLE IF NOT EXISTS `ordres_missions` (
  `id_ordre` int NOT NULL AUTO_INCREMENT,
  `id_demande` int NOT NULL,
  `moyen_transport_libelle` varchar(100) DEFAULT 'Transport routier',
  `statut_ordre` enum('En attente','En cours','Effectué','Annulé') DEFAULT 'En attente',
  `frais_estimes` decimal(12,2) DEFAULT '0.00',
  `frais_finals` decimal(12,2) DEFAULT '0.00',
  `date_creation_ordre` timestamp NULL DEFAULT CURRENT_TIMESTAMP,
  `signature_dg` tinyint(1) DEFAULT '0',
  `id_chauffeur` int DEFAULT NULL,
  `id_vehicule` int DEFAULT NULL,
  `observations` text,
  `date_modification` timestamp NULL DEFAULT CURRENT_TIMESTAMP ON UPDATE CURRENT_TIMESTAMP,
  PRIMARY KEY (`id_ordre`),
  UNIQUE KEY `id_demande` (`id_demande`),
  KEY `id_chauffeur` (`id_chauffeur`),
  KEY `id_vehicule` (`id_vehicule`)
) ENGINE=InnoDB AUTO_INCREMENT=6 DEFAULT CHARSET=utf8mb4 COLLATE=utf8mb4_0900_ai_ci;

--
-- Déchargement des données de la table `ordres_missions`
--

INSERT INTO `ordres_missions` (`id_ordre`, `id_demande`, `moyen_transport_libelle`, `statut_ordre`, `frais_estimes`, `frais_finals`, `date_creation_ordre`, `signature_dg`, `id_chauffeur`, `id_vehicule`, `observations`, `date_modification`) VALUES
(4, 34, 'Transport routier', '', 0.00, 0.00, '2026-05-08 16:48:55', 0, NULL, NULL, NULL, '2026-05-08 16:54:54'),
(5, 35, 'Transport routier', '', 0.00, 0.00, '2026-05-08 17:02:18', 0, NULL, NULL, NULL, '2026-05-08 17:11:47');

-- --------------------------------------------------------

--
-- Structure de la table `permissions`
--

DROP TABLE IF EXISTS `permissions`;
CREATE TABLE IF NOT EXISTS `permissions` (
  `id_permission` int NOT NULL AUTO_INCREMENT,
  `nom_permission` varchar(100) NOT NULL,
  `description` text,
  `date_creation` timestamp NULL DEFAULT CURRENT_TIMESTAMP,
  PRIMARY KEY (`id_permission`),
  UNIQUE KEY `nom_permission` (`nom_permission`)
) ENGINE=InnoDB AUTO_INCREMENT=30 DEFAULT CHARSET=utf8mb4 COLLATE=utf8mb4_0900_ai_ci;

--
-- Déchargement des données de la table `permissions`
--

INSERT INTO `permissions` (`id_permission`, `nom_permission`, `description`, `date_creation`) VALUES
(14, 'VALIDER_MISSION', 'Valider une demande ou ordre de mission', '2026-05-04 11:01:52'),
(15, 'REJETER_MISSION', 'Rejeter une demande ou ordre de mission', '2026-05-04 11:01:52'),
(16, 'AJOUTER_CATEGORIE_PROFESSIONNELLE', 'Ajouter/modifier la catégorie socio-professionnelle des missionnaires', '2026-05-04 11:01:52'),
(17, 'CREER_ORDRE_MISSION', 'Créer un ordre de mission à partir d\'une demande', '2026-05-04 11:01:52'),
(18, 'AFFECTER_CHAUFFEUR', 'Affecter un chauffeur disponible à un ordre de mission', '2026-05-04 11:01:52'),
(19, 'AFFECTER_VEHICULE', 'Affecter un véhicule disponible à un ordre de mission', '2026-05-04 11:01:52'),
(20, 'MODIFIER_ORDRE_MISSION', 'Modifier les informations d\'un ordre de mission', '2026-05-04 11:01:52'),
(21, 'CONSULTER_FRAIS', 'Consulter l état et les détails des frais de mission', '2026-05-04 11:01:52'),
(22, 'MODIFIER_FRAIS', 'Modifier les frais de mission', '2026-05-04 11:01:52'),
(23, 'SIGNER_NUMERIQUEMENT', 'Signer numériquement un ordre de mission', '2026-05-04 11:01:52'),
(24, 'GENERER_DOCUMENTS', 'Générer les documents finaux (PDF - Ordre de mission, État des frais)', '2026-05-04 11:01:52'),
(25, 'AFFECTER_CHAUFFEUR_RESSOURCE', 'Affecter un chauffeur à une ressource', '2026-05-05 16:00:06'),
(26, 'AFFECTER_VEHICULE_RESSOURCE', 'Affecter un véhicule à une ressource', '2026-05-05 16:00:06'),
(27, 'CONSULTER_FRAIS_MISSION', 'Consulter les frais estimés d\'une mission', '2026-05-05 16:00:06'),
(28, 'MODIFIER_FRAIS_MISSION', 'Modifier les frais d\'une mission', '2026-05-05 16:00:06'),
(29, 'SIGNER_NUMERIQUEMENT_ORDRE', 'Signer numériquement un ordre de mission', '2026-05-05 16:00:06');

-- --------------------------------------------------------

--
-- Structure de la table `sous_roles`
--

DROP TABLE IF EXISTS `sous_roles`;
CREATE TABLE IF NOT EXISTS `sous_roles` (
  `id_sous_role` int NOT NULL AUTO_INCREMENT,
  `nom_sous_role` varchar(100) NOT NULL,
  `description` text,
  `date_creation` timestamp NULL DEFAULT CURRENT_TIMESTAMP,
  `date_modification` timestamp NULL DEFAULT CURRENT_TIMESTAMP ON UPDATE CURRENT_TIMESTAMP,
  PRIMARY KEY (`id_sous_role`),
  UNIQUE KEY `nom_sous_role` (`nom_sous_role`)
) ENGINE=InnoDB AUTO_INCREMENT=15 DEFAULT CHARSET=utf8mb4 COLLATE=utf8mb4_0900_ai_ci;

--
-- Déchargement des données de la table `sous_roles`
--

INSERT INTO `sous_roles` (`id_sous_role`, `nom_sous_role`, `description`, `date_creation`, `date_modification`) VALUES
(6, 'Directeur de Département', 'Première validation de la demande de mission au niveau département', '2026-05-04 11:01:52', '2026-05-04 11:01:52'),
(7, 'Assistant DRH', 'Validation avec création ordre de mission et gestion catégories socio-professionnelles', '2026-05-04 11:01:52', '2026-05-04 11:01:52'),
(8, 'CSMG', 'Chef Service Missions et Gestion Logistique - Affectation des ressources (chauffeur, véhicule)', '2026-05-04 11:01:52', '2026-05-04 11:01:52'),
(9, 'CSAPR', 'Chef Service Administratif et Personnel RH - Validation administrative', '2026-05-04 11:01:52', '2026-05-04 11:01:52'),
(10, 'DRH', 'Directeur Ressources Humaines - Modification et validation finalisée', '2026-05-04 11:01:52', '2026-05-04 11:01:52'),
(11, 'DAF', 'Directeur Administratif et Financier - Gestion des frais', '2026-05-04 11:01:52', '2026-05-04 11:01:52'),
(12, 'Directeur Général', 'Directeur Général - Validation finale et signature numérique', '2026-05-04 11:01:52', '2026-05-04 11:01:52'),
(13, 'RAU', 'Responsable Administratif Usine - Validation administrative au niveau usine', '2026-05-04 11:01:52', '2026-05-04 11:01:52'),
(14, 'Chef Usine', 'Chef Usine - Validation au niveau opérationnel usine', '2026-05-04 11:01:52', '2026-05-04 11:01:52');

-- --------------------------------------------------------

--
-- Structure de la table `sous_role_permissions`
--

DROP TABLE IF EXISTS `sous_role_permissions`;
CREATE TABLE IF NOT EXISTS `sous_role_permissions` (
  `id_sous_role` int NOT NULL,
  `id_permission` int NOT NULL,
  PRIMARY KEY (`id_sous_role`,`id_permission`),
  KEY `id_permission` (`id_permission`)
) ENGINE=InnoDB DEFAULT CHARSET=utf8mb4 COLLATE=utf8mb4_0900_ai_ci;

--
-- Déchargement des données de la table `sous_role_permissions`
--

INSERT INTO `sous_role_permissions` (`id_sous_role`, `id_permission`) VALUES
(6, 14),
(7, 14),
(8, 14),
(9, 14),
(10, 14),
(11, 14),
(12, 14),
(13, 14),
(14, 14),
(6, 15),
(7, 15),
(8, 15),
(9, 15),
(10, 15),
(11, 15),
(12, 15),
(13, 15),
(14, 15),
(7, 16),
(10, 16),
(7, 17),
(8, 18),
(8, 19),
(10, 20),
(11, 21),
(11, 22),
(12, 23),
(12, 24);

-- --------------------------------------------------------

--
-- Structure de la table `utilisateurs`
--

DROP TABLE IF EXISTS `utilisateurs`;
CREATE TABLE IF NOT EXISTS `utilisateurs` (
  `id_utilisateur` int NOT NULL AUTO_INCREMENT,
  `nom` varchar(100) NOT NULL,
  `prenom` varchar(100) NOT NULL,
  `email` varchar(200) NOT NULL,
  `username` varchar(100) NOT NULL,
  `password` varchar(255) NOT NULL,
  `role` enum('Demandeur','Validateur','Chauffeur','Administrateur') NOT NULL,
  `statut_compte` enum('Actif','Inactif') DEFAULT 'Actif',
  `date_creation` timestamp NULL DEFAULT CURRENT_TIMESTAMP,
  `date_modification` timestamp NULL DEFAULT CURRENT_TIMESTAMP ON UPDATE CURRENT_TIMESTAMP,
  PRIMARY KEY (`id_utilisateur`),
  UNIQUE KEY `email` (`email`),
  UNIQUE KEY `username` (`username`)
) ENGINE=InnoDB AUTO_INCREMENT=134 DEFAULT CHARSET=utf8mb4 COLLATE=utf8mb4_0900_ai_ci;

--
-- Déchargement des données de la table `utilisateurs`
--

INSERT INTO `utilisateurs` (`id_utilisateur`, `nom`, `prenom`, `email`, `username`, `password`, `role`, `statut_compte`, `date_creation`, `date_modification`) VALUES
(1, 'ADMIN', 'SODECO', 'admin@sodeco.com', '', 'Admin@2026', 'Administrateur', 'Actif', '2026-05-04 07:47:38', '2026-05-04 14:37:43'),
(2, 'bo', 'bi', 'directeur@sodeco.com', 'directeur', 'test123', 'Validateur', 'Actif', '2026-05-04 08:41:59', '2026-05-05 04:12:16'),
(24, 'yaziddd', 'rifif', 'loboto@sodeco.com', 'loboto', 'Admin@2026', 'Chauffeur', 'Actif', '2026-05-05 02:35:29', '2026-05-08 16:06:18'),
(25, 'Admin', 'Demandeur', 'admindemandeur@gmail.com', 'admindemandeur', '$2b$10$U1Uh/Rt.wfWBnWdEpjDcY.sTKUaAghGR7HSR6csyYCUxe8Nfw/UB2', 'Demandeur', 'Actif', '2026-05-05 03:22:36', '2026-05-05 03:22:36'),
(28, 'Dupont', 'Jean', 'jean.dupont@sodeco.com', 'jean.dupont', 'test13', 'Validateur', 'Actif', '2026-05-05 05:03:40', '2026-05-05 05:09:48'),
(29, 'Martin', 'Sophie', 'sophie.martin@sodeco.com', 'sophie.martin', 'test13', 'Validateur', 'Actif', '2026-05-05 05:03:40', '2026-05-05 05:10:10'),
(30, 'Bernier', 'Claude', 'claude.bernier@sodeco.com', 'bernier_csmg', '46708f23d682fef9aa996ecbb139bfb6c9ffdc039905ad6ad5c85a88b9411d97', 'Validateur', 'Actif', '2026-05-05 05:03:40', '2026-05-05 05:03:40'),
(31, 'Rousseau', 'Pierre', 'pierre.rousseau@sodeco.com', 'rousseau_csapr', '46708f23d682fef9aa996ecbb139bfb6c9ffdc039905ad6ad5c85a88b9411d97', 'Validateur', 'Actif', '2026-05-05 05:03:40', '2026-05-05 05:03:40'),
(32, 'Leclerc', 'Marie', 'marie.leclerc@sodeco.com', 'leclerc_drh', '46708f23d682fef9aa996ecbb139bfb6c9ffdc039905ad6ad5c85a88b9411d97', 'Validateur', 'Actif', '2026-05-05 05:03:40', '2026-05-05 05:03:40'),
(33, 'Laurent', 'Jacques', 'jacques.laurent@sodeco.com', 'laurent_daf', '46708f23d682fef9aa996ecbb139bfb6c9ffdc039905ad6ad5c85a88b9411d97', 'Validateur', 'Actif', '2026-05-05 05:03:40', '2026-05-05 05:03:40'),
(34, 'Mercier', 'Thierry', 'thierry.mercier@sodeco.com', 'mercier_dg', '46708f23d682fef9aa996ecbb139bfb6c9ffdc039905ad6ad5c85a88b9411d97', 'Validateur', 'Actif', '2026-05-05 05:03:40', '2026-05-05 05:03:40'),
(37, 'Ndiaye', 'Serigne', 'serigne.ndiaye@sodeco.com', 'ndiaye_rau', '46708f23d682fef9aa996ecbb139bfb6c9ffdc039905ad6ad5c85a88b9411d97', 'Validateur', 'Actif', '2026-05-05 15:19:30', '2026-05-05 15:19:30'),
(38, 'Sow', 'Cheikh', 'cheikh.sow@sodeco.com', 'sow_chef_usine', '46708f23d682fef9aa996ecbb139bfb6c9ffdc039905ad6ad5c85a88b9411d97', 'Validateur', 'Actif', '2026-05-05 15:19:30', '2026-05-05 15:19:30'),
(44, 'Sow', 'Mamadou', 'mamadou.sow@sodeco.com', 'mamadou.sow', 'pass2026', 'Chauffeur', 'Actif', '2026-05-08 07:00:00', '2026-05-08 07:00:00'),
(45, 'Ndiaye', 'Moussa', 'moussa.ndiaye@sodeco.com', 'moussa.ndiaye', 'pass2026', 'Chauffeur', 'Actif', '2026-05-08 07:01:00', '2026-05-08 07:01:00'),
(46, 'Ba', 'Omar', 'omar.ba@sodeco.com', 'omar.ba', 'pass2026', 'Chauffeur', '', '2026-05-08 07:02:00', '2026-05-08 17:36:49'),
(47, 'Diallo', 'Amadou', 'amadou.diallo@sodeco.com', 'amadou.diallo', 'pass2026', 'Chauffeur', 'Actif', '2026-05-08 07:03:00', '2026-05-08 07:03:00'),
(48, 'Traore', 'Seydou', 'seydou.traore@sodeco.com', 'seydou.traore', 'pass2026', 'Chauffeur', 'Actif', '2026-05-08 07:04:00', '2026-05-08 07:04:00'),
(49, 'Kane', 'Cheikh', 'cheikh.kane@sodeco.com', 'cheikh.kane', 'pass2026', 'Chauffeur', 'Actif', '2026-05-08 07:05:00', '2026-05-08 07:05:00'),
(50, 'Sarr', 'Aliou', 'aliou.sarr@sodeco.com', 'aliou.sarr', 'pass2026', 'Chauffeur', 'Actif', '2026-05-08 07:06:00', '2026-05-08 07:06:00'),
(51, 'Diouf', 'Elhadji', 'elhadji.diouf@sodeco.com', 'elhadji.diouf', 'pass2026', 'Chauffeur', 'Actif', '2026-05-08 07:07:00', '2026-05-08 07:07:00'),
(52, 'Fall', 'Babacar', 'babacar.fall@sodeco.com', 'babacar.fall', 'pass2026', 'Chauffeur', 'Actif', '2026-05-08 07:08:00', '2026-05-08 07:08:00'),
(53, 'Faye', 'Demba', 'demba.faye@sodeco.com', 'demba.faye', 'pass2026', 'Chauffeur', 'Actif', '2026-05-08 07:09:00', '2026-05-08 07:09:00'),
(54, 'Gueye', 'Malick', 'malick.gueye@sodeco.com', 'malick.gueye', 'pass2026', 'Chauffeur', 'Actif', '2026-05-08 07:10:00', '2026-05-08 07:10:00'),
(55, 'Sene', 'Khalifa', 'khalifa.sene@sodeco.com', 'khalifa.sene', 'pass2026', 'Chauffeur', 'Actif', '2026-05-08 07:11:00', '2026-05-08 07:11:00'),
(56, 'Niasse', 'Ousmane', 'ousmane.niasse@sodeco.com', 'ousmane.niasse', 'pass2026', 'Chauffeur', 'Actif', '2026-05-08 07:12:00', '2026-05-08 07:12:00'),
(57, 'Thiam', 'Pape', 'pape.thiam@sodeco.com', 'pape.thiam', 'pass2026', 'Chauffeur', 'Actif', '2026-05-08 07:13:00', '2026-05-08 07:13:00'),
(58, 'Mbaye', 'Momar', 'momar.mbaye@sodeco.com', 'momar.mbaye', 'pass2026', 'Chauffeur', 'Actif', '2026-05-08 07:14:00', '2026-05-08 07:14:00'),
(59, 'Diop', 'Abdoulaye', 'abdoulaye.diop@sodeco.com', 'abdoulaye.diop', 'pass2026', 'Chauffeur', 'Actif', '2026-05-08 07:15:00', '2026-05-08 07:15:00'),
(60, 'Cisse', 'Youssou', 'youssou.cisse@sodeco.com', 'youssou.cisse', 'pass2026', 'Chauffeur', 'Actif', '2026-05-08 07:16:00', '2026-05-08 07:16:00'),
(61, 'Camara', 'Boubacar', 'boubacar.camara@sodeco.com', 'boubacar.camara', 'pass2026', 'Chauffeur', 'Actif', '2026-05-08 07:17:00', '2026-05-08 07:17:00'),
(62, 'Sy', 'Mamady', 'mamady.sy@sodeco.com', 'mamady.sy', 'pass2026', 'Chauffeur', 'Actif', '2026-05-08 07:18:00', '2026-05-08 07:18:00'),
(63, 'Sall', 'Modou', 'modou.sall@sodeco.com', 'modou.sall', 'pass2026', 'Chauffeur', 'Actif', '2026-05-08 07:19:00', '2026-05-08 07:19:00'),
(64, 'Toure', 'Aminata', 'aminata.toure@sodeco.com', 'aminata.toure', 'pass2026', 'Chauffeur', 'Actif', '2026-05-08 07:20:00', '2026-05-08 07:20:00'),
(65, 'Dieng', 'Penda', 'penda.dieng@sodeco.com', 'penda.dieng', 'pass2026', 'Chauffeur', 'Actif', '2026-05-08 07:21:00', '2026-05-08 07:21:00'),
(66, 'Sarr', 'Souleymane', 'souleymane.sarr@sodeco.com', 'souleymane.sarr', 'pass2026', 'Chauffeur', 'Actif', '2026-05-08 07:22:00', '2026-05-08 07:22:00'),
(67, 'Gningue', 'Iba', 'iba.gningue@sodeco.com', 'iba.gningue', 'pass2026', 'Chauffeur', 'Actif', '2026-05-08 07:23:00', '2026-05-08 07:23:00'),
(68, 'Fallo', 'Hassane', 'hassane.fallo@sodeco.com', 'hassane.fallo', 'pass2026', 'Chauffeur', 'Actif', '2026-05-08 07:24:00', '2026-05-08 07:24:00'),
(69, 'Bah', 'Saliou', 'saliou.bah@sodeco.com', 'saliou.bah', 'pass2026', 'Chauffeur', 'Actif', '2026-05-08 07:25:00', '2026-05-08 07:25:00'),
(70, 'Niane', 'Papa', 'papa.niane@sodeco.com', 'papa.niane', 'pass2026', 'Chauffeur', 'Actif', '2026-05-08 07:26:00', '2026-05-08 07:26:00'),
(71, 'Samba', 'Kasim', 'kasim.samba@sodeco.com', 'kasim.samba', 'pass2026', 'Chauffeur', 'Actif', '2026-05-08 07:27:00', '2026-05-08 07:27:00'),
(72, 'Jallow', 'Amsatou', 'amsatou.jallow@sodeco.com', 'amsatou.jallow', 'pass2026', 'Chauffeur', 'Actif', '2026-05-08 07:28:00', '2026-05-08 07:28:00'),
(133, 'Melvine', 'Sossou', 'Sossou@sodeco.bj', 'Sossou_1778258866011', '12345', 'Demandeur', 'Actif', '2026-05-08 16:47:46', '2026-05-08 16:47:46');

-- --------------------------------------------------------

--
-- Structure de la table `validateurs`
--

DROP TABLE IF EXISTS `validateurs`;
CREATE TABLE IF NOT EXISTS `validateurs` (
  `id_validateur` int NOT NULL AUTO_INCREMENT,
  `id_utilisateur` int NOT NULL,
  `id_sous_role` int NOT NULL,
  `date_creation` timestamp NULL DEFAULT CURRENT_TIMESTAMP,
  PRIMARY KEY (`id_validateur`),
  UNIQUE KEY `id_utilisateur` (`id_utilisateur`),
  KEY `id_sous_role` (`id_sous_role`)
) ENGINE=InnoDB AUTO_INCREMENT=13 DEFAULT CHARSET=utf8mb4 COLLATE=utf8mb4_0900_ai_ci;

--
-- Déchargement des données de la table `validateurs`
--

INSERT INTO `validateurs` (`id_validateur`, `id_utilisateur`, `id_sous_role`, `date_creation`) VALUES
(1, 2, 6, '2026-05-05 04:05:34'),
(4, 28, 6, '2026-05-05 05:08:58'),
(5, 29, 7, '2026-05-05 05:08:58'),
(6, 30, 8, '2026-05-05 05:08:58'),
(7, 31, 9, '2026-05-05 05:08:58'),
(8, 32, 10, '2026-05-05 05:08:58'),
(9, 33, 11, '2026-05-05 05:08:58'),
(10, 34, 12, '2026-05-05 05:08:58'),
(11, 37, 13, '2026-05-05 15:19:30'),
(12, 38, 14, '2026-05-05 15:19:30');

-- --------------------------------------------------------

--
-- Structure de la table `validations`
--

DROP TABLE IF EXISTS `validations`;
CREATE TABLE IF NOT EXISTS `validations` (
  `id_validation` int NOT NULL AUTO_INCREMENT,
  `id_ordre` int DEFAULT NULL,
  `id_validateur` int DEFAULT NULL,
  `id_etape` int NOT NULL,
  `decision` enum('VALIDÉE','REJETÉE','En attente') DEFAULT 'En attente',
  `motif_rejet` text,
  `commentaire` text,
  `date_validation` timestamp NULL DEFAULT NULL,
  `signature_numerique` varchar(255) DEFAULT NULL,
  `date_creation` timestamp NULL DEFAULT CURRENT_TIMESTAMP,
  `id_demande` int DEFAULT NULL,
  `id_utilisateur` int DEFAULT NULL,
  `signature` tinyint DEFAULT '0',
  PRIMARY KEY (`id_validation`),
  KEY `id_ordre` (`id_ordre`),
  KEY `id_etape` (`id_etape`),
  KEY `idx_validations_demande_etape` (`id_demande`,`id_etape`),
  KEY `idx_validations_utilisateur` (`id_utilisateur`),
  KEY `idx_validations_date` (`date_validation`),
  KEY `idx_validations_validateur` (`id_validateur`)
) ENGINE=InnoDB AUTO_INCREMENT=58 DEFAULT CHARSET=utf8mb4 COLLATE=utf8mb4_0900_ai_ci;

--
-- Déchargement des données de la table `validations`
--

INSERT INTO `validations` (`id_validation`, `id_ordre`, `id_validateur`, `id_etape`, `decision`, `motif_rejet`, `commentaire`, `date_validation`, `signature_numerique`, `date_creation`, `id_demande`, `id_utilisateur`, `signature`) VALUES
(48, NULL, NULL, 67, 'VALIDÉE', NULL, '', '2026-05-08 16:54:13', NULL, '2026-05-08 16:54:13', 34, 2, 0),
(49, NULL, NULL, 68, 'VALIDÉE', NULL, '', '2026-05-08 16:55:15', NULL, '2026-05-08 16:55:15', 34, 29, 0),
(50, NULL, NULL, 67, 'VALIDÉE', NULL, '', '2026-05-08 17:09:31', NULL, '2026-05-08 17:09:31', 35, 2, 0),
(51, NULL, NULL, 68, 'VALIDÉE', NULL, '', '2026-05-08 17:15:06', NULL, '2026-05-08 17:15:06', 35, 29, 0),
(52, NULL, NULL, 69, 'VALIDÉE', NULL, '', '2026-05-08 17:19:35', NULL, '2026-05-08 17:19:35', 35, 30, 0),
(53, NULL, NULL, 70, 'VALIDÉE', NULL, '', '2026-05-08 17:24:18', NULL, '2026-05-08 17:24:18', 35, 29, 0),
(54, NULL, NULL, 71, 'VALIDÉE', NULL, '', '2026-05-08 17:25:08', NULL, '2026-05-08 17:25:08', 35, 31, 0),
(55, NULL, NULL, 72, 'VALIDÉE', NULL, '', '2026-05-08 17:26:11', NULL, '2026-05-08 17:26:11', 35, 32, 0),
(56, NULL, NULL, 73, 'VALIDÉE', NULL, '', '2026-05-08 17:27:47', NULL, '2026-05-08 17:27:47', 35, 33, 0),
(57, NULL, NULL, 74, 'VALIDÉE', NULL, '', '2026-05-08 17:28:47', NULL, '2026-05-08 17:28:47', 35, 34, 0);

-- --------------------------------------------------------

--
-- Structure de la table `vehicules`
--

DROP TABLE IF EXISTS `vehicules`;
CREATE TABLE IF NOT EXISTS `vehicules` (
  `id_vehicule` int NOT NULL AUTO_INCREMENT,
  `immatriculation` varchar(50) NOT NULL,
  `marque` varchar(100) NOT NULL,
  `type_vehicule` varchar(100) NOT NULL,
  `couleur` varchar(50) DEFAULT NULL,
  `statut_disponibilite` enum('Disponible','Affecté','En mission','Non disponible') DEFAULT 'Disponible',
  `consommation_100km` decimal(5,2) DEFAULT NULL,
  `statut_assurance` enum('Assuré','Non assuré','Expiré') DEFAULT 'Assuré',
  `date_debut_assurance` date DEFAULT '2026-01-01',
  `date_fin_assurance` date DEFAULT '2026-12-31',
  `date_derniere_tvm` date DEFAULT '2026-01-02',
  `date_prochaine_tvm` date DEFAULT '2027-01-05',
  `id_chauffeur_attitré` int DEFAULT NULL,
  `observations` text,
  `photo_documents` longtext,
  `date_creation` timestamp NULL DEFAULT CURRENT_TIMESTAMP,
  `date_modification` timestamp NULL DEFAULT CURRENT_TIMESTAMP ON UPDATE CURRENT_TIMESTAMP,
  PRIMARY KEY (`id_vehicule`),
  UNIQUE KEY `immatriculation` (`immatriculation`),
  KEY `id_chauffeur_attitré` (`id_chauffeur_attitré`)
) ENGINE=InnoDB AUTO_INCREMENT=68 DEFAULT CHARSET=utf8mb4 COLLATE=utf8mb4_0900_ai_ci;

--
-- Déchargement des données de la table `vehicules`
--

INSERT INTO `vehicules` (`id_vehicule`, `immatriculation`, `marque`, `type_vehicule`, `couleur`, `statut_disponibilite`, `consommation_100km`, `statut_assurance`, `date_debut_assurance`, `date_fin_assurance`, `date_derniere_tvm`, `date_prochaine_tvm`, `id_chauffeur_attitré`, `observations`, `photo_documents`, `date_creation`, `date_modification`) VALUES
(43, 'SN-225-AA', 'Toyota', 'Berline', 'Blanc', 'Disponible', 8.50, 'Assuré', '2026-01-01', '2026-12-31', '2026-01-02', '2027-01-05', 23, 'État correct, entretien régulier', NULL, '2026-05-08 07:00:00', '2026-05-08 07:00:00'),
(44, 'SN-226-AB', 'Mercedes', 'Berline', 'Noir', 'Disponible', 9.20, 'Assuré', '2026-01-01', '2026-12-31', '2026-01-02', '2027-01-05', 23, 'Climatisation fonctionnelle', NULL, '2026-05-08 07:01:00', '2026-05-08 07:01:00'),
(45, 'SN-227-AC', 'Peugeot', 'Berline', 'Gris', 'Disponible', 7.80, 'Assuré', '2026-01-01', '2026-12-31', '2026-01-02', '2027-01-05', NULL, 'Bon état général', NULL, '2026-05-08 07:02:00', '2026-05-08 07:02:00'),
(46, 'SN-228-AD', 'Hyundai', 'Minibus', 'Blanc', 'Disponible', 10.50, 'Assuré', '2026-01-01', '2026-12-31', '2026-01-02', '2027-01-05', 24, 'Climatisation', NULL, '2026-05-08 07:03:00', '2026-05-08 07:03:00'),
(47, 'SN-229-AE', 'Toyota', 'Autocar', 'Blanc', 'Disponible', 12.00, 'Assuré', '2026-01-01', '2026-12-31', '2026-05-08', '2027-05-08', 25, 'Capacité 40 places', NULL, '2026-05-08 07:04:00', '2026-05-08 17:39:35'),
(48, 'SN-230-AF', 'Renault', 'Berline', 'Bleu', 'Disponible', 8.30, 'Assuré', '2026-01-01', '2026-12-31', '2026-01-02', '2027-01-05', NULL, 'Entretien à jour', NULL, '2026-05-08 07:05:00', '2026-05-08 07:05:00'),
(49, 'SN-231-AG', 'Nissan', '4x4', 'Noir', 'Disponible', 11.50, 'Assuré', '2026-01-01', '2026-12-31', '2026-01-02', '2027-01-05', 26, 'Système 4x4 fonctionnel', NULL, '2026-05-08 07:06:00', '2026-05-08 07:06:00'),
(50, 'SN-232-AH', 'Citroën', 'Minibus', 'Gris', 'Affecté', 10.20, 'Assuré', '2026-01-01', '2026-12-31', '2026-01-02', '2027-01-05', 27, 'Climatisation', NULL, '2026-05-08 07:07:00', '2026-05-08 16:55:56'),
(51, 'SN-233-AI', 'Toyota', 'Camion', 'Blanc', 'Disponible', 13.50, 'Assuré', '2026-01-01', '2026-12-31', '2026-01-02', '2027-01-05', NULL, 'Charge utile 5 tonnes', NULL, '2026-05-08 07:08:00', '2026-05-08 07:08:00'),
(52, 'SN-234-AJ', 'Volkswagen', 'Berline', 'Rouge', 'Disponible', 8.00, 'Assuré', '2026-01-01', '2026-12-31', '2026-01-02', '2027-01-05', 28, 'Phares et freins OK', NULL, '2026-05-08 07:09:00', '2026-05-08 07:09:00'),
(53, 'SN-235-AK', 'Suzuki', 'Minibus', 'Blanc', 'Disponible', 9.80, 'Assuré', '2026-01-01', '2026-12-31', '2026-01-02', '2027-01-05', 29, 'Capacité 15 places', NULL, '2026-05-08 07:10:00', '2026-05-08 07:10:00'),
(54, 'SN-236-AL', 'Ford', 'Berline', 'Noir', 'Disponible', 9.00, 'Assuré', '2026-01-01', '2026-12-31', '2026-01-02', '2027-01-05', NULL, 'État excellent', NULL, '2026-05-08 07:11:00', '2026-05-08 07:11:00'),
(55, 'SN-237-AM', 'BMW', 'Berline', 'Argent', 'Disponible', 9.50, 'Assuré', '2026-01-01', '2026-12-31', '2026-01-02', '2027-01-05', 30, 'Luxe et confort', NULL, '2026-05-08 07:12:00', '2026-05-08 07:12:00'),
(56, 'SN-238-AN', 'Mazda', 'Berline', 'Gris', 'Disponible', 8.20, 'Assuré', '2026-01-01', '2026-12-31', '2026-01-02', '2027-01-05', 31, 'Moteur 2.0L', NULL, '2026-05-08 07:13:00', '2026-05-08 07:13:00'),
(57, 'SN-239-AO', 'Kia', 'Minibus', 'Blanc', 'Disponible', 10.30, 'Assuré', '2026-01-01', '2026-12-31', '2026-01-02', '2027-01-05', NULL, 'Neuf', NULL, '2026-05-08 07:14:00', '2026-05-08 07:14:00'),
(58, 'SN-240-AP', 'Honda', 'Berline', 'Noir', 'Affecté', 8.50, 'Assuré', '2026-01-01', '2026-12-31', '2026-01-02', '2027-01-05', 32, 'En révision moteur', NULL, '2026-05-08 07:15:00', '2026-05-08 07:15:00'),
(59, 'SN-241-AQ', 'Opel', 'Berline', 'Bleu', 'Disponible', 8.70, 'Assuré', '2026-01-01', '2026-12-31', '2026-01-02', '2027-01-05', 33, 'État courant', NULL, '2026-05-08 07:16:00', '2026-05-08 07:16:00'),
(60, 'SN-242-AR', 'Iveco', 'Camion', 'Blanc', 'Disponible', 14.20, 'Assuré', '2026-01-01', '2026-12-31', '2026-01-02', '2027-01-05', NULL, 'Charge 8 tonnes', NULL, '2026-05-08 07:17:00', '2026-05-08 07:17:00'),
(61, 'SN-243-AS', 'Mitsubishi', '4x4', 'Gris', 'En mission', 11.80, 'Assuré', '2026-01-01', '2026-12-31', '2026-01-02', '2027-01-05', 34, 'En mission Tambacounda', NULL, '2026-05-08 07:18:00', '2026-05-08 07:18:00'),
(62, 'SN-244-AT', 'Hyundai', 'Berline', 'Blanc', 'Disponible', 8.40, 'Assuré', '2026-01-01', '2026-12-31', '2026-01-02', '2027-01-05', NULL, 'Climatisation', NULL, '2026-05-08 07:19:00', '2026-05-08 07:19:00'),
(63, 'SN-245-AU', 'Skoda', 'Berline', 'Noir', 'Disponible', 8.60, 'Assuré', '2026-01-01', '2026-12-31', '2026-01-02', '2027-01-05', 35, 'Bon état', NULL, '2026-05-08 07:20:00', '2026-05-08 07:20:00'),
(64, 'SN-246-AV', 'Fiat', 'Minibus', 'Blanc', 'Disponible', 9.90, 'Assuré', '2026-01-01', '2026-12-31', '2026-01-02', '2027-01-05', 36, 'Capacité 12 places', NULL, '2026-05-08 07:21:00', '2026-05-08 07:21:00'),
(65, 'SN-247-AW', 'Daewoo', 'Autocar', 'Blanc', 'Non disponible', 11.50, 'Expiré', '2025-01-01', '2025-12-31', '2024-01-02', '2025-01-05', NULL, 'Assurance expirée, révision en cours', NULL, '2026-05-08 07:22:00', '2026-05-08 07:22:00'),
(66, 'SN-248-AX', 'Chevrolet', 'Berline', 'Gris', 'Disponible', 8.75, 'Assuré', '2026-01-01', '2026-12-31', '2026-01-02', '2027-01-05', 37, 'V6 Essence', NULL, '2026-05-08 07:23:00', '2026-05-08 07:23:00'),
(67, 'SN-249-AY', 'GAZ', 'Minibus', 'Blanc', 'Disponible', 10.60, 'Assuré', '2026-01-01', '2026-12-31', '2026-01-02', '2027-01-05', NULL, 'Capacité 17 places', NULL, '2026-05-08 07:24:00', '2026-05-08 07:24:00');

-- --------------------------------------------------------

--
-- Structure de la table `visites_techniques`
--

DROP TABLE IF EXISTS `visites_techniques`;
CREATE TABLE IF NOT EXISTS `visites_techniques` (
  `id_visite_technique` int NOT NULL AUTO_INCREMENT,
  `id_vehicule` int NOT NULL,
  `id_chauffeur` int DEFAULT NULL,
  `statut_visite` enum('En cours','Effectuée') NOT NULL DEFAULT 'En cours',
  `km_depart` int DEFAULT NULL,
  `heure_depart` time DEFAULT NULL,
  `km_fin` int DEFAULT NULL,
  `heure_fin` time DEFAULT NULL,
  `cout_visite_technique` decimal(12,2) DEFAULT NULL,
  `observation` text,
  `date_creation` timestamp NULL DEFAULT CURRENT_TIMESTAMP,
  `date_modification` timestamp NULL DEFAULT CURRENT_TIMESTAMP ON UPDATE CURRENT_TIMESTAMP,
  PRIMARY KEY (`id_visite_technique`),
  KEY `idx_visites_techniques_vehicule` (`id_vehicule`),
  KEY `idx_visites_techniques_chauffeur` (`id_chauffeur`),
  KEY `idx_visites_techniques_statut` (`statut_visite`)
) ENGINE=InnoDB AUTO_INCREMENT=4 DEFAULT CHARSET=utf8mb4 COLLATE=utf8mb4_0900_ai_ci;

--
-- Déchargement des données de la table `visites_techniques`
--

INSERT INTO `visites_techniques` (`id_visite_technique`, `id_vehicule`, `id_chauffeur`, `statut_visite`, `km_depart`, `heure_depart`, `km_fin`, `heure_fin`, `cout_visite_technique`, `observation`, `date_creation`, `date_modification`) VALUES
(3, 47, 25, 'Effectuée', 2700, '18:41:00', 2800, '19:40:00', 50000.00, 'Pneu Changé, Vehicule Réparé entièrement', '2026-05-08 17:38:23', '2026-05-08 17:39:35');

-- --------------------------------------------------------

--
-- Structure de la table `workflows`
--

DROP TABLE IF EXISTS `workflows`;
CREATE TABLE IF NOT EXISTS `workflows` (
  `id_workflow` int NOT NULL AUTO_INCREMENT,
  `nom_workflow` varchar(100) NOT NULL,
  `description` text,
  `date_creation` timestamp NULL DEFAULT CURRENT_TIMESTAMP,
  PRIMARY KEY (`id_workflow`),
  UNIQUE KEY `nom_workflow` (`nom_workflow`)
) ENGINE=InnoDB AUTO_INCREMENT=3 DEFAULT CHARSET=utf8mb4 COLLATE=utf8mb4_0900_ai_ci;

--
-- Déchargement des données de la table `workflows`
--

INSERT INTO `workflows` (`id_workflow`, `nom_workflow`, `description`, `date_creation`) VALUES
(1, 'Workflow Siège', 'Workflow de validation pour les demandes au niveau Siège', '2026-05-04 11:30:06'),
(2, 'Workflow Usine', 'Workflow de validation pour les demandes au niveau Usine', '2026-05-04 11:30:06');

--
-- Contraintes pour les tables déchargées
--

--
-- Contraintes pour la table `chauffeurs`
--
ALTER TABLE `chauffeurs`
  ADD CONSTRAINT `chauffeurs_ibfk_1` FOREIGN KEY (`id_utilisateur`) REFERENCES `utilisateurs` (`id_utilisateur`) ON DELETE CASCADE ON UPDATE CASCADE;

--
-- Contraintes pour la table `demandemissions`
--
ALTER TABLE `demandemissions`
  ADD CONSTRAINT `demandemissions_ibfk_1` FOREIGN KEY (`id_demandeurs`) REFERENCES `demandeurs` (`id_demandeur`) ON DELETE CASCADE,
  ADD CONSTRAINT `fk_demande_chauffeur` FOREIGN KEY (`id_chauffeur`) REFERENCES `chauffeurs` (`id_chauffeur`) ON DELETE SET NULL ON UPDATE CASCADE,
  ADD CONSTRAINT `fk_demande_vehicule` FOREIGN KEY (`id_vehicule`) REFERENCES `vehicules` (`id_vehicule`) ON DELETE SET NULL ON UPDATE CASCADE;

--
-- Contraintes pour la table `demandeurs`
--
ALTER TABLE `demandeurs`
  ADD CONSTRAINT `demandeurs_ibfk_1` FOREIGN KEY (`id_utilisateur`) REFERENCES `utilisateurs` (`id_utilisateur`) ON DELETE CASCADE ON UPDATE CASCADE;

--
-- Contraintes pour la table `enregistrements_carburation`
--
ALTER TABLE `enregistrements_carburation`
  ADD CONSTRAINT `enregistrements_carburation_ibfk_1` FOREIGN KEY (`id_demandemission`) REFERENCES `demandemissions` (`id`) ON DELETE CASCADE;

--
-- Contraintes pour la table `enregistrements_km_chauffeur`
--
ALTER TABLE `enregistrements_km_chauffeur`
  ADD CONSTRAINT `enregistrements_km_chauffeur_ibfk_1` FOREIGN KEY (`id_demandemission`) REFERENCES `demandemissions` (`id`) ON DELETE CASCADE;

--
-- Contraintes pour la table `etapes_workflow`
--
ALTER TABLE `etapes_workflow`
  ADD CONSTRAINT `etapes_workflow_ibfk_1` FOREIGN KEY (`id_workflow`) REFERENCES `workflows` (`id_workflow`) ON DELETE CASCADE,
  ADD CONSTRAINT `etapes_workflow_ibfk_2` FOREIGN KEY (`id_sous_role_requis`) REFERENCES `sous_roles` (`id_sous_role`) ON DELETE RESTRICT;

--
-- Contraintes pour la table `grilles_tarifaires`
--
ALTER TABLE `grilles_tarifaires`
  ADD CONSTRAINT `grilles_tarifaires_ibfk_1` FOREIGN KEY (`id_categorie`) REFERENCES `categories_socio_professionnelles` (`id_categorie`) ON DELETE CASCADE;

--
-- Contraintes pour la table `missionnaires`
--
ALTER TABLE `missionnaires`
  ADD CONSTRAINT `missionnaires_ibfk_1` FOREIGN KEY (`id_mission`) REFERENCES `demandemissions` (`id`) ON DELETE CASCADE;

--
-- Contraintes pour la table `missions_preplanifiees`
--
ALTER TABLE `missions_preplanifiees`
  ADD CONSTRAINT `fk_preplan_demandemission` FOREIGN KEY (`id_demandemission`) REFERENCES `demandemissions` (`id`) ON DELETE CASCADE;

--
-- Contraintes pour la table `notations_chauffeur`
--
ALTER TABLE `notations_chauffeur`
  ADD CONSTRAINT `fk_notation_demande` FOREIGN KEY (`id_demande`) REFERENCES `demandemissions` (`id`) ON DELETE CASCADE;

--
-- Contraintes pour la table `ordres_missions`
--
ALTER TABLE `ordres_missions`
  ADD CONSTRAINT `ordres_missions_ibfk_1` FOREIGN KEY (`id_demande`) REFERENCES `demandemissions` (`id`) ON DELETE CASCADE,
  ADD CONSTRAINT `ordres_missions_ibfk_2` FOREIGN KEY (`id_chauffeur`) REFERENCES `chauffeurs` (`id_chauffeur`) ON DELETE SET NULL,
  ADD CONSTRAINT `ordres_missions_ibfk_3` FOREIGN KEY (`id_vehicule`) REFERENCES `vehicules` (`id_vehicule`) ON DELETE SET NULL;

--
-- Contraintes pour la table `sous_role_permissions`
--
ALTER TABLE `sous_role_permissions`
  ADD CONSTRAINT `sous_role_permissions_ibfk_1` FOREIGN KEY (`id_sous_role`) REFERENCES `sous_roles` (`id_sous_role`) ON DELETE CASCADE,
  ADD CONSTRAINT `sous_role_permissions_ibfk_2` FOREIGN KEY (`id_permission`) REFERENCES `permissions` (`id_permission`) ON DELETE CASCADE;

--
-- Contraintes pour la table `validateurs`
--
ALTER TABLE `validateurs`
  ADD CONSTRAINT `validateurs_ibfk_1` FOREIGN KEY (`id_utilisateur`) REFERENCES `utilisateurs` (`id_utilisateur`) ON DELETE CASCADE ON UPDATE CASCADE,
  ADD CONSTRAINT `validateurs_ibfk_2` FOREIGN KEY (`id_sous_role`) REFERENCES `sous_roles` (`id_sous_role`) ON DELETE RESTRICT;

--
-- Contraintes pour la table `validations`
--
ALTER TABLE `validations`
  ADD CONSTRAINT `fk_validations_demande` FOREIGN KEY (`id_demande`) REFERENCES `demandemissions` (`id`) ON DELETE CASCADE,
  ADD CONSTRAINT `fk_validations_utilisateur` FOREIGN KEY (`id_utilisateur`) REFERENCES `utilisateurs` (`id_utilisateur`) ON DELETE CASCADE,
  ADD CONSTRAINT `fk_validations_validateur` FOREIGN KEY (`id_validateur`) REFERENCES `validateurs` (`id_validateur`) ON DELETE SET NULL,
  ADD CONSTRAINT `validations_ibfk_3` FOREIGN KEY (`id_etape`) REFERENCES `etapes_workflow` (`id_etape`) ON DELETE RESTRICT;

--
-- Contraintes pour la table `vehicules`
--
ALTER TABLE `vehicules`
  ADD CONSTRAINT `vehicules_ibfk_1` FOREIGN KEY (`id_chauffeur_attitré`) REFERENCES `chauffeurs` (`id_chauffeur`) ON DELETE SET NULL;

--
-- Contraintes pour la table `visites_techniques`
--
ALTER TABLE `visites_techniques`
  ADD CONSTRAINT `fk_visites_techniques_chauffeur` FOREIGN KEY (`id_chauffeur`) REFERENCES `chauffeurs` (`id_chauffeur`) ON DELETE SET NULL,
  ADD CONSTRAINT `fk_visites_techniques_vehicule` FOREIGN KEY (`id_vehicule`) REFERENCES `vehicules` (`id_vehicule`) ON DELETE CASCADE;
COMMIT;

/*!40101 SET CHARACTER_SET_CLIENT=@OLD_CHARACTER_SET_CLIENT */;
/*!40101 SET CHARACTER_SET_RESULTS=@OLD_CHARACTER_SET_RESULTS */;
/*!40101 SET COLLATION_CONNECTION=@OLD_COLLATION_CONNECTION */;
